Time,Prediction,id,Rolling,grouping,resolution
2016-04-27 23:24:26.941221888,0.5,,,community_mean,0.0
2016-04-27 23:24:26.941222000,0.5,11814,,forecasters,0.0
2016-04-27 23:24:26.941222000,0.5,11464,,forecasters,0.0
2016-04-27 23:24:26.941222000,0.5,6055,,forecasters,0.0
2016-04-27 23:24:26.941222000,0.5,21194,,forecasters,0.0
2016-04-27 23:24:26.941222000,0.5,15627,,forecasters,0.0
2016-04-27 23:24:26.941222000,0.5,20977,,forecasters,0.0
2016-04-27 23:24:31.585797888,0.09786808579429088,,,metaculus,0.0
2016-04-27 23:24:31.585798000,0.15,6150,,forecasters,0.0
2016-04-27 23:24:31.585798000,0.15,10701,,forecasters,0.0
2016-04-27 23:24:31.585798000,0.15,20965,,forecasters,0.0
2016-04-27 23:24:31.585798000,0.15,21098,,forecasters,0.0
2016-04-27 23:24:31.585798000,0.15,11830,,forecasters,0.0
2016-04-27 23:27:13.260724000,0.5,6055,,forecasters,0.0
2016-04-27 23:27:13.260724000,0.5,21194,,forecasters,0.0
2016-04-27 23:27:13.260724000,0.5,11464,,forecasters,0.0
2016-04-27 23:27:13.260724000,0.5,11814,,forecasters,0.0
2016-04-27 23:27:13.260724000,0.5,20977,,forecasters,0.0
2016-04-27 23:27:13.260724000,0.5,15627,,forecasters,0.0
2016-04-27 23:27:14.900261000,0.1,23075,,forecasters,0.0
2016-04-27 23:27:14.900261000,0.1,9719,,forecasters,0.0
2016-04-27 23:27:14.900261000,0.1,5881,,forecasters,0.0
2016-04-27 23:27:14.900261000,0.1,11748,,forecasters,0.0
2016-04-27 23:27:14.900261000,0.1,13800,,forecasters,0.0
2016-04-27 23:27:17.105356000,0.5,6055,,forecasters,0.0
2016-04-27 23:27:17.105356000,0.5,15627,,forecasters,0.0
2016-04-27 23:27:17.105356000,0.5,20977,,forecasters,0.0
2016-04-27 23:27:17.105356000,0.5,11814,,forecasters,0.0
2016-04-27 23:27:17.105356000,0.5,11464,,forecasters,0.0
2016-04-27 23:27:17.105356000,0.5,21194,,forecasters,0.0
2016-04-27 23:27:36.243095000,0.6,11464,,forecasters,0.0
2016-04-27 23:27:36.243095000,0.6,6055,,forecasters,0.0
2016-04-27 23:27:36.243095000,0.6,20977,,forecasters,0.0
2016-04-27 23:27:36.243095000,0.6,11814,,forecasters,0.0
2016-04-27 23:27:36.243095000,0.6,15627,,forecasters,0.0
2016-04-27 23:27:36.243095000,0.6,21194,,forecasters,0.0
2016-04-27 23:27:57.445643000,0.99,11814,,forecasters,0.0
2016-04-27 23:27:57.445643000,0.99,11464,,forecasters,0.0
2016-04-27 23:27:57.445643000,0.99,6055,,forecasters,0.0
2016-04-27 23:27:57.445643000,0.99,20977,,forecasters,0.0
2016-04-27 23:27:57.445643000,0.99,21194,,forecasters,0.0
2016-04-27 23:27:57.445643000,0.99,15627,,forecasters,0.0
2016-04-27 23:28:04.074688000,0.5,6055,,forecasters,0.0
2016-04-27 23:28:04.074688000,0.5,20977,,forecasters,0.0
2016-04-27 23:28:04.074688000,0.5,11464,,forecasters,0.0
2016-04-27 23:28:04.074688000,0.5,21194,,forecasters,0.0
2016-04-27 23:28:04.074688000,0.5,15627,,forecasters,0.0
2016-04-27 23:28:04.074688000,0.5,11814,,forecasters,0.0
2016-04-27 23:36:08.434060000,0.66,15627,,forecasters,0.0
2016-04-27 23:36:08.434060000,0.66,20977,,forecasters,0.0
2016-04-27 23:36:08.434060000,0.66,11814,,forecasters,0.0
2016-04-27 23:36:08.434060000,0.66,6055,0.5085999999999999,forecasters,0.0
2016-04-27 23:36:08.434060000,0.66,11464,0.5118,forecasters,0.0
2016-04-27 23:36:08.434060000,0.66,21194,0.515,forecasters,0.0
2016-04-27 23:37:05.584357000,0.71,15627,0.5542,forecasters,0.0
2016-04-27 23:37:05.584357000,0.71,21194,0.543,forecasters,0.0
2016-04-27 23:37:05.584357000,0.71,20977,0.5318,forecasters,0.0
2016-04-27 23:37:05.584357000,0.71,11464,0.5276,forecasters,0.0
2016-04-27 23:37:05.584357000,0.71,6055,0.5234000000000001,forecasters,0.0
2016-04-27 23:37:05.584357000,0.71,11814,0.5192,forecasters,0.0
2016-04-27 23:44:58.762843000,0.8,11814,0.5672,forecasters,0.0
2016-04-27 23:44:58.762843000,0.8,11464,0.5801999999999999,forecasters,0.0
2016-04-27 23:44:58.762843000,0.8,15627,0.5932,forecasters,0.0
2016-04-27 23:44:58.762843000,0.8,21194,0.5992000000000001,forecasters,0.0
2016-04-27 23:44:58.762843000,0.8,20977,0.6052000000000001,forecasters,0.0
2016-04-27 23:44:58.762843000,0.8,6055,0.6112,forecasters,0.0
2016-04-27 23:45:50.765973000,0.2,23075,0.6052000000000001,forecasters,0.0
2016-04-27 23:45:50.765973000,0.2,9719,0.5992000000000001,forecasters,0.0
2016-04-27 23:45:50.765973000,0.2,13800,0.5932,forecasters,0.0
2016-04-27 23:45:50.765973000,0.2,5881,0.5952,forecasters,0.0
2016-04-27 23:45:50.765973000,0.2,11748,0.5972,forecasters,0.0
2016-04-27 23:48:10.840939000,0.03,23075,0.5742,forecasters,0.0
2016-04-27 23:48:10.840939000,0.03,11748,0.5944,forecasters,0.0
2016-04-27 23:48:10.840939000,0.03,5881,0.593,forecasters,0.0
2016-04-27 23:48:10.840939000,0.03,13800,0.5958,forecasters,0.0
2016-04-27 23:48:10.840939000,0.03,9719,0.5836,forecasters,0.0
2016-04-27 23:52:10.169109000,0.4,15627,0.5722,forecasters,0.0
2016-04-27 23:52:10.169109000,0.4,11464,0.5702,forecasters,0.0
2016-04-27 23:52:10.169109000,0.4,21194,0.5682,forecasters,0.0
2016-04-27 23:52:10.169109000,0.4,20977,0.5661999999999999,forecasters,0.0
2016-04-27 23:52:10.169109000,0.4,6055,0.5622,forecasters,0.0
2016-04-27 23:52:10.169109000,0.4,11814,0.5582,forecasters,0.0
2016-04-27 23:52:13.279941000,0.5,15627,0.5306000000000001,forecasters,0.0
2016-04-27 23:52:13.279941000,0.5,21194,0.5404,forecasters,0.0
2016-04-27 23:52:13.279941000,0.5,11814,0.5522,forecasters,0.0
2016-04-27 23:52:13.279941000,0.5,20977,0.5562,forecasters,0.0
2016-04-27 23:52:13.279941000,0.5,11464,0.5501999999999999,forecasters,0.0
2016-04-27 23:52:13.279941000,0.5,6055,0.5542,forecasters,0.0
2016-04-27 23:56:29.794678000,0.67,20977,0.5242,forecasters,0.0
2016-04-27 23:56:29.794678000,0.67,11464,0.5178,forecasters,0.0
2016-04-27 23:56:29.794678000,0.67,11814,0.5114,forecasters,0.0
2016-04-27 23:56:29.794678000,0.67,6055,0.505,forecasters,0.0
2016-04-27 23:56:29.794678000,0.67,21194,0.5084000000000001,forecasters,0.0
2016-04-27 23:56:29.794678000,0.67,15627,0.5118,forecasters,0.0
2016-04-27 23:59:55.085020000,0.3,9719,0.4886,forecasters,0.0
2016-04-27 23:59:55.085020000,0.3,13800,0.5038,forecasters,0.0
2016-04-27 23:59:55.085020000,0.3,11748,0.5078,forecasters,0.0
2016-04-27 23:59:55.085020000,0.3,5881,0.4998,forecasters,0.0
2016-04-27 23:59:55.085020000,0.3,23075,0.4958000000000001,forecasters,0.0
2016-04-28 00:01:00.315063000,0.12,6039,0.4778,forecasters,0.0
2016-04-28 00:01:30.401735000,0.9,11464,0.48260000000000003,forecasters,0.0
2016-04-28 00:01:30.401735000,0.9,21194,0.4874,forecasters,0.0
2016-04-28 00:01:30.401735000,0.9,20977,0.49219999999999997,forecasters,0.0
2016-04-28 00:01:30.401735000,0.9,6055,0.49700000000000005,forecasters,0.0
2016-04-28 00:01:30.401735000,0.9,11814,0.5008,forecasters,0.0
2016-04-28 00:01:30.401735000,0.9,15627,0.5046,forecasters,0.0
2016-04-28 00:10:03.330687000,0.99,20977,0.5346,forecasters,0.0
2016-04-28 00:10:03.330687000,0.99,21194,0.5308,forecasters,0.0
2016-04-28 00:10:03.330687000,0.99,11814,0.5214,forecasters,0.0
2016-04-28 00:10:03.330687000,0.99,15627,0.5102,forecasters,0.0
2016-04-28 00:10:03.330687000,0.99,6055,0.5158,forecasters,0.0
2016-04-28 00:10:03.330687000,0.99,11464,0.5269999999999999,forecasters,0.0
2016-04-28 00:15:08.901607000,0.2,21176,0.4986,forecasters,0.0
2016-04-28 00:15:08.901607000,0.2,20967,0.48660000000000003,forecasters,0.0
2016-04-28 00:15:08.901607000,0.2,14061,0.4866,forecasters,0.0
2016-04-28 00:15:08.901607000,0.2,6060,0.4866,forecasters,0.0
2016-04-28 00:15:08.901607000,0.2,11868,0.48660000000000003,forecasters,0.0
2016-04-28 00:15:08.901607000,0.2,15612,0.5226,forecasters,0.0
2016-04-28 00:15:08.901607000,0.2,9645,0.5106,forecasters,0.0
2016-04-28 00:16:45.213221000,0.99,11464,0.5024000000000001,forecasters,0.0
2016-04-28 00:16:45.213221000,0.99,11814,0.5182,forecasters,0.0
2016-04-28 00:16:45.213221000,0.99,15627,0.5374,forecasters,0.0
2016-04-28 00:16:45.213221000,0.99,21194,0.5566,forecasters,0.0
2016-04-28 00:16:45.213221000,0.99,6055,0.5758000000000001,forecasters,0.0
2016-04-28 00:16:45.213221000,0.99,20977,0.595,forecasters,0.0
2016-04-28 00:41:54.025046000,0.38,15578,0.6008,forecasters,0.0
2016-04-28 00:41:54.025046000,0.38,12270,0.6016,forecasters,0.0
2016-04-28 00:41:54.025046000,0.38,5928,0.602,forecasters,0.0
2016-04-28 00:41:54.025046000,0.38,24953,0.6012,forecasters,0.0
2016-04-28 00:57:43.974126000,0.74,11464,0.6076,forecasters,0.0
2016-04-28 00:57:43.974126000,0.74,15627,0.6144,forecasters,0.0
2016-04-28 00:57:43.974126000,0.74,11814,0.6212000000000001,forecasters,0.0
2016-04-28 00:57:43.974126000,0.74,21194,0.626,forecasters,0.0
2016-04-28 00:57:43.974126000,0.74,6055,0.6308,forecasters,0.0
2016-04-28 00:57:43.974126000,0.74,20977,0.6356,forecasters,0.0
2016-04-28 01:01:01.345225000,0.82,21194,0.6638000000000001,forecasters,0.0
2016-04-28 01:01:01.345225000,0.82,11464,0.6607999999999999,forecasters,0.0
2016-04-28 01:01:01.345225000,0.82,6055,0.6548,forecasters,0.0
2016-04-28 01:01:01.345225000,0.82,20977,0.642,forecasters,0.0
2016-04-28 01:01:01.345225000,0.82,11814,0.6578,forecasters,0.0
2016-04-28 01:01:01.345225000,0.82,15627,0.6484000000000001,forecasters,0.0
2016-04-28 01:05:11.478038000,0.56,15627,0.6572,forecasters,0.0
2016-04-28 01:05:11.478038000,0.56,20977,0.6624,forecasters,0.0
2016-04-28 01:05:11.478038000,0.56,21194,0.6675999999999999,forecasters,0.0
2016-04-28 01:05:11.478038000,0.56,11464,0.6728000000000001,forecasters,0.0
2016-04-28 01:05:11.478038000,0.56,11814,0.6594,forecasters,0.0
2016-04-28 01:05:11.478038000,0.56,6055,0.6616,forecasters,0.0
2016-04-28 01:31:54.443453000,0.42,15627,0.6644000000000001,forecasters,0.0
2016-04-28 01:31:54.443453000,0.42,11464,0.6547999999999999,forecasters,0.0
2016-04-28 01:31:54.443453000,0.42,6055,0.6775999999999999,forecasters,0.0
2016-04-28 01:31:54.443453000,0.42,20977,0.6752000000000001,forecasters,0.0
2016-04-28 01:31:54.443453000,0.42,21194,0.6836,forecasters,0.0
2016-04-28 01:31:54.443453000,0.42,11814,0.674,forecasters,0.0
2016-04-28 01:46:04.238428000,0.1,23075,0.6387999999999999,forecasters,0.0
2016-04-28 01:46:04.238428000,0.1,5881,0.6228,forecasters,0.0
2016-04-28 01:46:04.238428000,0.1,11748,0.6068,forecasters,0.0
2016-04-28 01:46:04.238428000,0.1,13800,0.589,forecasters,0.0
2016-04-28 01:46:04.238428000,0.1,9719,0.5712,forecasters,0.0
2016-04-28 01:46:47.900199000,0.5,11930,0.5614,forecasters,0.0
2016-04-28 01:46:47.900199000,0.5,6212,0.5516000000000001,forecasters,0.0
2016-04-28 01:59:33.213161000,0.33,9637,0.5252,forecasters,0.0
2016-04-28 01:59:33.213161000,0.33,18925,0.5384,forecasters,0.0
2016-04-28 01:59:33.213161000,0.33,6357,0.5278,forecasters,0.0
2016-04-28 02:57:13.772312000,0.76,6055,0.595,forecasters,0.0
2016-04-28 02:57:13.772312000,0.76,15627,0.5838,forecasters,0.0
2016-04-28 02:57:13.772312000,0.76,11464,0.539,forecasters,0.0
2016-04-28 02:57:13.772312000,0.76,21194,0.5614,forecasters,0.0
2016-04-28 02:57:13.772312000,0.76,11814,0.5726,forecasters,0.0
2016-04-28 02:57:13.772312000,0.76,20977,0.5501999999999999,forecasters,0.0
2016-04-28 03:05:42.224116000,0.03,9719,0.5758,forecasters,0.0
2016-04-28 03:05:42.224116000,0.03,13800,0.5566,forecasters,0.0
2016-04-28 03:05:42.224116000,0.03,23075,0.5374,forecasters,0.0
2016-04-28 03:05:42.224116000,0.03,5881,0.5182,forecasters,0.0
2016-04-28 03:05:42.224116000,0.03,11748,0.499,forecasters,0.0
2016-04-28 03:14:27.354053000,0.99,15627,0.499,forecasters,0.0
2016-04-28 03:14:27.354053000,0.99,21194,0.5112000000000001,forecasters,0.0
2016-04-28 03:14:27.354053000,0.99,6055,0.5234,forecasters,0.0
2016-04-28 03:14:27.354053000,0.99,20977,0.5356000000000001,forecasters,0.0
2016-04-28 03:14:27.354053000,0.99,11814,0.5478000000000001,forecasters,0.0
2016-04-28 03:14:27.354053000,0.99,11464,0.5528,forecasters,0.0
2016-04-28 03:36:34.619991000,0.41,6244,0.5462,forecasters,0.0
2016-04-28 03:43:07.752892000,0.1,11464,0.4806,forecasters,0.0
2016-04-28 03:43:07.752892000,0.1,15627,0.46619999999999995,forecasters,0.0
2016-04-28 03:43:07.752892000,0.1,11814,0.5077999999999999,forecasters,0.0
2016-04-28 03:43:07.752892000,0.1,6055,0.5206000000000001,forecasters,0.0
2016-04-28 03:43:07.752892000,0.1,20977,0.5334,forecasters,0.0
2016-04-28 03:43:07.752892000,0.1,21194,0.495,forecasters,0.0
2016-04-28 06:06:55.658333000,0.14,6092,0.4526,forecasters,0.0
2016-04-28 06:34:00.420273000,0.7,15627,0.45380000000000004,forecasters,0.0
2016-04-28 06:34:00.420273000,0.7,6055,0.451,forecasters,0.0
2016-04-28 06:34:00.420273000,0.7,21194,0.45019999999999993,forecasters,0.0
2016-04-28 06:34:00.420273000,0.7,11464,0.4454000000000001,forecasters,0.0
2016-04-28 06:34:00.420273000,0.7,20977,0.4482,forecasters,0.0
2016-04-28 06:34:00.420273000,0.7,11814,0.44780000000000003,forecasters,0.0
2016-04-28 06:54:57.986009000,0.73,21194,0.4826,forecasters,0.0
2016-04-28 06:54:57.986009000,0.73,20977,0.4764,forecasters,0.0
2016-04-28 06:54:57.986009000,0.73,15627,0.4702,forecasters,0.0
2016-04-28 06:54:57.986009000,0.73,11814,0.4606,forecasters,0.0
2016-04-28 06:54:57.986009000,0.73,11464,0.4572,forecasters,0.0
2016-04-28 06:54:57.986009000,0.73,6055,0.46399999999999997,forecasters,0.0
2016-04-28 07:11:59.194541000,0.5,20792,0.48419999999999996,forecasters,0.0
2016-04-28 07:11:59.194541000,0.5,6127,0.4858,forecasters,0.0
2016-04-28 07:30:59.431151000,0.65,11814,0.4904,forecasters,0.0
2016-04-28 07:30:59.431151000,0.65,15627,0.5014,forecasters,0.0
2016-04-28 07:30:59.431151000,0.65,11464,0.5124,forecasters,0.0
2016-04-28 07:30:59.431151000,0.65,20977,0.5234,forecasters,0.0
2016-04-28 07:30:59.431151000,0.65,21194,0.5344,forecasters,0.0
2016-04-28 07:30:59.431151000,0.65,6055,0.5454,forecasters,0.0
2016-04-28 07:31:55.192646000,0.8,21194,0.5864,forecasters,0.0
2016-04-28 07:31:55.192646000,0.8,15627,0.5856,forecasters,0.0
2016-04-28 07:31:55.192646000,0.8,20977,0.5514,forecasters,0.0
2016-04-28 07:31:55.192646000,0.8,11814,0.5668,forecasters,0.0
2016-04-28 07:31:55.192646000,0.8,6055,0.5573999999999999,forecasters,0.0
2016-04-28 07:31:55.192646000,0.8,11464,0.5761999999999999,forecasters,0.0
2016-04-28 08:25:12.516175000,0.75,15627,0.5858000000000001,forecasters,0.0
2016-04-28 08:25:12.516175000,0.75,11814,0.5856,forecasters,0.0
2016-04-28 08:25:12.516175000,0.75,6055,0.5854,forecasters,0.0
2016-04-28 08:25:12.516175000,0.75,11464,0.5998,forecasters,0.0
2016-04-28 08:25:12.516175000,0.75,20977,0.5862,forecasters,0.0
2016-04-28 08:25:12.516175000,0.75,21194,0.586,forecasters,0.0
2016-04-28 09:24:38.088031000,0.59,6586,0.611,forecasters,0.0
2016-04-28 09:51:04.546405000,0.99,15627,0.6686,forecasters,0.0
2016-04-28 09:51:04.546405000,0.99,21194,0.6686,forecasters,0.0
2016-04-28 09:51:04.546405000,0.99,11814,0.6494,forecasters,0.0
2016-04-28 09:51:04.546405000,0.99,6055,0.6302,forecasters,0.0
2016-04-28 09:51:04.546405000,0.99,11464,0.6686,forecasters,0.0
2016-04-28 09:51:04.546405000,0.99,20977,0.6686,forecasters,0.0
2016-04-28 10:08:18.363308000,0.65,6047,0.6617999999999999,forecasters,0.0
2016-04-28 10:08:18.363308000,0.65,20825,0.655,forecasters,0.0
2016-04-28 13:12:08.949056000,0.65,11464,0.6481999999999999,forecasters,0.0
2016-04-28 13:12:08.949056000,0.65,21194,0.653,forecasters,0.0
2016-04-28 13:12:08.949056000,0.65,20977,0.6639999999999999,forecasters,0.0
2016-04-28 13:12:08.949056000,0.65,11814,0.675,forecasters,0.0
2016-04-28 13:12:08.949056000,0.65,6055,0.686,forecasters,0.0
2016-04-28 13:12:08.949056000,0.65,15627,0.6970000000000001,forecasters,0.0
2016-04-28 13:51:23.512947000,0.8,6055,0.7442,forecasters,0.0
2016-04-28 13:51:23.512947000,0.8,11464,0.7422,forecasters,0.0
2016-04-28 13:51:23.512947000,0.8,15627,0.7382,forecasters,0.0
2016-04-28 13:51:23.512947000,0.8,20977,0.725,forecasters,0.0
2016-04-28 13:51:23.512947000,0.8,11814,0.711,forecasters,0.0
2016-04-28 13:51:23.512947000,0.8,21194,0.7402,forecasters,0.0
2016-04-28 15:06:43.347840000,0.35,21171,0.7372,forecasters,0.0
2016-04-28 15:06:43.347840000,0.35,109,0.7302000000000001,forecasters,0.0
2016-04-28 15:06:43.347840000,0.35,10715,0.7232000000000001,forecasters,0.0
2016-04-28 15:06:43.347840000,0.35,11821,0.7156,forecasters,0.0
2016-04-28 15:06:43.347840000,0.35,21037,0.708,forecasters,0.0
2016-04-28 15:06:52.958861000,0.25,21037,0.6984,forecasters,0.0
2016-04-28 15:06:52.958861000,0.25,109,0.6888,forecasters,0.0
2016-04-28 15:06:52.958861000,0.25,21171,0.6792,forecasters,0.0
2016-04-28 15:06:52.958861000,0.25,10715,0.6696,forecasters,0.0
2016-04-28 15:06:52.958861000,0.25,11821,0.6646,forecasters,0.0
2016-04-28 15:17:11.912651000,0.1,12734,0.6456000000000001,forecasters,0.0
2016-04-28 15:17:11.912651000,0.1,8107,0.6566,forecasters,0.0
2016-04-28 16:43:43.391429000,0.5,11464,0.6396000000000001,forecasters,0.0
2016-04-28 16:43:43.391429000,0.5,15627,0.6366,forecasters,0.0
2016-04-28 16:43:43.391429000,0.5,21194,0.6336,forecasters,0.0
2016-04-28 16:43:43.391429000,0.5,20977,0.6306,forecasters,0.0
2016-04-28 16:43:43.391429000,0.5,6055,0.6246,forecasters,0.0
2016-04-28 16:43:43.391429000,0.5,11814,0.6426000000000001,forecasters,0.0
2016-04-28 18:41:15.194739000,0.55,5978,0.6196,forecasters,0.0
2016-04-28 18:41:15.194739000,0.55,13239,0.6146,forecasters,0.0
2016-04-28 18:41:15.194739000,0.55,25889,0.6096,forecasters,0.0
2016-04-28 18:41:15.194739000,0.55,9652,0.6046,forecasters,0.0
2016-04-28 18:42:49.204221000,0.5,25889,0.5836,forecasters,0.0
2016-04-28 18:42:49.204221000,0.5,5978,0.5986,forecasters,0.0
2016-04-28 18:42:49.204221000,0.5,13239,0.5886,forecasters,0.0
2016-04-28 18:42:49.204221000,0.5,9652,0.5936,forecasters,0.0
2016-04-28 18:44:43.549260000,0.1,23075,0.517,forecasters,0.0
2016-04-28 18:44:43.549260000,0.1,13800,0.5706,forecasters,0.0
2016-04-28 18:44:43.549260000,0.1,5881,0.5446,forecasters,0.0
2016-04-28 18:44:43.549260000,0.1,11748,0.5576,forecasters,0.0
2016-04-28 18:44:43.549260000,0.1,9719,0.5347999999999999,forecasters,0.0
2016-04-28 20:35:58.837079000,0.1,25887,0.4991999999999999,forecasters,0.0
2016-04-28 20:35:58.837079000,0.1,11815,0.4814,forecasters,0.0
2016-04-28 20:35:58.837079000,0.1,6059,0.46360000000000007,forecasters,0.0
2016-04-28 20:35:58.837079000,0.1,9688,0.4458,forecasters,0.0
2016-04-28 21:58:07.608013000,0.62,6063,0.4378,forecasters,0.0
2016-04-28 21:58:07.608013000,0.62,12606,0.4384,forecasters,0.0
2016-04-29 00:32:47.466295000,0.52,20833,0.43520000000000003,forecasters,0.0
2016-04-29 00:32:47.466295000,0.52,5989,0.4326,forecasters,0.0
2016-04-29 00:36:46.616851000,0.99,15627,0.43939999999999996,forecasters,0.0
2016-04-29 00:36:46.616851000,0.99,11464,0.44620000000000004,forecasters,0.0
2016-04-29 00:36:46.616851000,0.99,6055,0.45299999999999996,forecasters,0.0
2016-04-29 00:36:46.616851000,0.99,11814,0.45980000000000004,forecasters,0.0
2016-04-29 00:36:46.616851000,0.99,21194,0.46659999999999996,forecasters,0.0
2016-04-29 00:36:46.616851000,0.99,20977,0.47040000000000004,forecasters,0.0
2016-04-29 02:29:54.691244000,0.38,15627,0.429,forecasters,0.0
2016-04-29 02:29:54.691244000,0.38,21194,0.42840000000000006,forecasters,0.0
2016-04-29 02:29:54.691244000,0.38,6055,0.4452,forecasters,0.0
2016-04-29 02:29:54.691244000,0.38,11814,0.4536,forecasters,0.0
2016-04-29 02:29:54.691244000,0.38,11464,0.462,forecasters,0.0
2016-04-29 02:29:54.691244000,0.38,20977,0.4368,forecasters,0.0
2016-04-29 11:07:33.762662000,0.5,11375,0.43199999999999994,forecasters,0.0
2016-04-29 11:07:33.762662000,0.5,13166,0.435,forecasters,0.0
2016-04-29 11:07:33.762662000,0.5,6009,0.43799999999999994,forecasters,0.0
2016-04-29 15:30:14.574616000,0.25,14089,0.436,forecasters,0.0
2016-04-29 15:30:14.574616000,0.25,6439,0.436,forecasters,0.0
2016-04-29 15:30:14.574616064,0.1598895991008374,,,metaculus,0.0
2016-04-30 06:29:58.700377000,0.6,9650,0.44300000000000006,forecasters,0.0
2016-04-30 06:29:58.700377000,0.6,11958,0.45,forecasters,0.0
2016-04-30 06:29:58.700377000,0.6,6035,0.457,forecasters,0.0
2016-04-30 18:27:31.436400000,0.46,10709,0.47559999999999997,forecasters,0.0
2016-04-30 18:27:31.436400000,0.46,6215,0.46840000000000004,forecasters,0.0
2016-04-30 18:27:31.436400000,0.46,13722,0.46120000000000005,forecasters,0.0
2016-05-01 17:11:06.658437888,0.16252896580896264,,,metaculus,0.0
2016-05-01 17:11:06.658437888,0.35583,,,community_mean,0.0
2016-05-01 17:11:06.658438000,0.19,6106,0.4694,forecasters,0.0
2016-05-02 21:20:48.941976000,0.46,12227,0.4686,forecasters,0.0
2016-05-02 21:20:48.941976000,0.46,9726,0.4678,forecasters,0.0
2016-05-02 21:20:48.941976000,0.46,6074,0.46699999999999997,forecasters,0.0
2016-05-03 01:58:08.626100000,0.75,6402,0.472,forecasters,0.0
2016-05-03 05:01:58.942283000,0.45,5960,0.47100000000000003,forecasters,0.0
2016-05-03 05:01:58.942283000,0.45,20818,0.4690000000000001,forecasters,0.0
2016-05-03 14:14:25.799262000,0.25,6344,0.457,forecasters,0.0
2016-05-03 14:14:25.799262000,0.25,20821,0.463,forecasters,0.0
2016-05-03 16:22:44.710326000,0.4,14091,0.45,forecasters,0.0
2016-05-03 16:22:44.710326000,0.4,10143,0.452,forecasters,0.0
2016-05-03 16:22:44.710326000,0.4,6230,0.45399999999999996,forecasters,0.0
2016-05-03 16:22:44.710326016,0.16453091215191237,,,metaculus,0.0
2016-05-05 03:53:13.407774000,0.57,19390,0.4514,forecasters,0.0
2016-05-05 03:53:13.407774000,0.57,6310,0.45280000000000004,forecasters,0.0
2016-05-05 17:11:35.263355000,0.33,6004,0.462,forecasters,0.0
2016-05-05 17:11:35.263355000,0.33,13086,0.45740000000000003,forecasters,0.0
2016-05-05 22:56:22.545448000,0.35,6232,0.46699999999999997,forecasters,0.0
2016-05-05 22:56:22.545448000,0.35,18948,0.47200000000000003,forecasters,0.0
2016-05-05 22:57:05.108128000,0.25,6232,0.475,forecasters,0.0
2016-05-05 22:57:05.108128000,0.25,18948,0.47800000000000004,forecasters,0.0
2016-05-06 05:43:34.290656000,0.3116458859527771,,,metaculus,0.0
2016-05-06 05:43:34.290656000,0.37273,,,community_mean,0.0
2016-05-06 05:43:34.290656000,0.3,5916,0.48200000000000004,forecasters,0.0
2016-05-08 23:52:50.450160000,0.6,12214,0.49199999999999994,forecasters,0.0
2016-05-08 23:52:50.450160000,0.6,10700,0.502,forecasters,0.0
2016-05-08 23:52:50.450160000,0.6,6040,0.5015999999999999,forecasters,0.0
2016-05-10 07:51:35.782582000,0.6,7449,0.5012,forecasters,0.0
2016-05-11 00:37:07.941067000,0.3,14061,0.451,forecasters,0.0
2016-05-11 00:37:07.941067000,0.3,9645,0.4968,forecasters,0.0
2016-05-11 00:37:07.941067000,0.3,6060,0.4648,forecasters,0.0
2016-05-11 00:37:07.941067000,0.3,20967,0.4924,forecasters,0.0
2016-05-11 00:37:07.941067000,0.3,11868,0.47859999999999997,forecasters,0.0
2016-05-11 00:37:07.941067000,0.3,15612,0.42340000000000005,forecasters,0.0
2016-05-11 00:37:07.941067000,0.3,21176,0.4372,forecasters,0.0
2016-05-11 00:37:07.941067008,0.38857,,,community_mean,0.0
2016-05-15 00:51:46.767351000,0.44,24953,0.41600000000000004,forecasters,0.0
2016-05-15 00:51:46.767351000,0.44,12270,0.41480000000000006,forecasters,0.0
2016-05-15 00:51:46.767351000,0.44,5928,0.41239999999999993,forecasters,0.0
2016-05-15 00:51:46.767351000,0.44,15578,0.41359999999999997,forecasters,0.0
2016-05-15 00:51:46.767351040,0.39029,,,community_mean,0.0
2016-05-15 23:13:47.953605000,0.34,6190,0.4144,forecasters,0.0
2016-05-15 23:13:47.953605000,0.34,20798,0.41519999999999996,forecasters,0.0
2016-05-16 08:26:54.237395000,0.5,5930,0.4168,forecasters,0.0
2016-05-17 21:40:26.773029000,0.3,6163,0.4128,forecasters,0.0
2016-05-17 22:43:37.805343000,0.51,6213,0.41300000000000003,forecasters,0.0
2016-05-18 00:13:43.614470912,0.39385,,,community_mean,0.0
2016-05-18 00:13:43.614471000,0.35,20967,0.3968,forecasters,0.0
2016-05-18 00:13:43.614471000,0.35,6060,0.39899999999999997,forecasters,0.0
2016-05-18 00:13:43.614471000,0.35,21176,0.4040000000000001,forecasters,0.0
2016-05-18 00:13:43.614471000,0.35,9645,0.409,forecasters,0.0
2016-05-18 00:13:43.614471000,0.35,11868,0.414,forecasters,0.0
2016-05-18 00:13:43.614471000,0.35,14061,0.41200000000000003,forecasters,0.0
2016-05-18 00:13:43.614471000,0.35,15612,0.41,forecasters,0.0
2016-05-19 18:57:32.524563000,0.5,5993,0.39759999999999995,forecasters,0.0
2016-05-22 07:21:04.810085000,0.8,20949,0.40440000000000004,forecasters,0.0
2016-05-22 07:21:04.810085000,0.8,6274,0.41659999999999997,forecasters,0.0
2016-05-22 07:21:04.810085000,0.8,14125,0.42339999999999994,forecasters,0.0
2016-05-22 07:21:04.810085120,0.40634,,,community_mean,0.0
2016-05-22 07:21:04.810085120,0.3191260290592718,,,metaculus,0.0
2016-05-28 20:21:45.711002880,0.41659,,,community_mean,0.0
2016-05-28 20:21:45.711003000,0.8,6055,0.43019999999999997,forecasters,0.0
2016-05-28 20:21:45.711003000,0.8,11464,0.43700000000000006,forecasters,0.0
2016-05-28 20:21:45.711003000,0.8,15627,0.43800000000000006,forecasters,0.0
2016-05-28 20:21:45.711003000,0.8,20977,0.445,forecasters,0.0
2016-05-28 20:21:45.711003000,0.8,21194,0.45199999999999996,forecasters,0.0
2016-05-28 20:21:45.711003000,0.8,11814,0.46299999999999997,forecasters,0.0
2016-05-28 20:22:14.301863000,0.8,11464,0.49,forecasters,0.0
2016-05-28 20:22:14.301863000,0.8,15627,0.474,forecasters,0.0
2016-05-28 20:22:14.301863000,0.8,20977,0.48200000000000004,forecasters,0.0
2016-05-28 20:22:14.301863000,0.8,6055,0.498,forecasters,0.0
2016-05-28 20:22:14.301863000,0.8,21194,0.5025999999999999,forecasters,0.0
2016-05-28 20:22:14.301863000,0.8,11814,0.5072,forecasters,0.0
2016-06-01 03:59:42.062764000,0.67,6586,0.514,forecasters,0.0
2016-06-01 03:59:42.062764032,0.41854,,,community_mean,0.0
2016-06-06 23:29:05.724538000,0.1,8152,0.5094,forecasters,0.0
2016-06-06 23:29:05.724538112,0.41095,,,community_mean,0.0
2016-06-07 17:56:10.090015000,0.13,20783,0.505,forecasters,0.0
2016-06-07 17:56:10.090015000,0.13,6314,0.5006,forecasters,0.0
2016-06-11 22:20:57.913787904,0.40209,,,community_mean,0.0
2016-06-11 22:20:57.913788000,0.3,10143,0.5016,forecasters,0.0
2016-06-11 22:20:57.913788000,0.3,14091,0.5025999999999999,forecasters,0.0
2016-06-11 22:20:57.913788000,0.3,6230,0.5025999999999999,forecasters,0.0
2016-06-12 16:56:11.685389000,0.7,7071,0.5046,forecasters,0.0
2016-06-12 19:27:11.168606000,0.2,12587,0.49660000000000004,forecasters,0.0
2016-06-12 19:27:11.168606000,0.2,7018,0.4886000000000001,forecasters,0.0
2016-06-13 03:45:26.609261000,0.01,675,0.4768,forecasters,0.0
2016-06-13 03:45:26.609261056,0.39565,,,community_mean,0.0
2016-06-18 18:26:05.821870000,0.12,5888,0.4696,forecasters,0.0
2016-06-18 18:26:05.821870000,0.12,12662,0.4732,forecasters,0.0
2016-06-18 18:26:05.821870080,0.38979,,,community_mean,0.0
2016-06-20 02:39:27.674185000,0.2,7049,0.46760000000000007,forecasters,0.0
2016-06-20 02:47:11.035820000,0.55,13203,0.4776,forecasters,0.0
2016-06-20 02:47:11.035820000,0.55,6242,0.4726000000000001,forecasters,0.0
2016-06-20 04:04:09.929468000,0.69,1848,0.4854,forecasters,0.0
2016-06-20 04:16:10.597341000,0.58,13417,0.491,forecasters,0.0
2016-06-20 04:16:10.597341000,0.58,11373,0.49660000000000004,forecasters,0.0
2016-06-20 04:16:10.597341000,0.58,6064,0.4938,forecasters,0.0
2016-06-20 09:32:49.768675000,0.3,6017,0.49379999999999996,forecasters,0.0
2016-06-20 18:00:38.754538000,0.37,6167,0.4924,forecasters,0.0
2016-06-20 18:00:38.754538000,0.37,13729,0.49300000000000005,forecasters,0.0
2016-06-21 04:38:29.444050000,0.37,8327,0.49360000000000004,forecasters,0.0
2016-06-21 05:18:32.979885000,0.5,6171,0.49360000000000004,forecasters,0.0
2016-06-21 16:14:16.697527000,0.54,9704,0.5028,forecasters,0.0
2016-06-21 16:14:16.697527000,0.54,25899,0.4984,forecasters,0.0
2016-06-21 16:14:16.697527000,0.54,14149,0.499,forecasters,0.0
2016-06-21 16:14:16.697527000,0.54,12900,0.5066,forecasters,0.0
2016-06-21 16:14:16.697527000,0.54,6245,0.5104000000000001,forecasters,0.0
2016-06-21 21:46:26.482980000,0.01,6198,0.5036,forecasters,0.0
2016-06-21 21:46:26.482980096,0.39351,,,community_mean,0.0
2016-06-26 05:28:39.689314000,0.35,7288,0.5036,forecasters,0.0
2016-06-26 05:28:39.689314048,0.39276,,,community_mean,0.0
2016-06-26 18:18:52.984763000,0.6,7529,0.5086,forecasters,0.0
2016-06-29 02:37:09.198853888,0.39967,,,community_mean,0.0
2016-06-29 02:37:09.198854000,0.6,4572,0.5136,forecasters,0.0
2016-06-29 04:23:39.059103000,0.37,6099,0.511,forecasters,0.0
2016-06-29 04:55:22.443235000,0.35,12587,0.49300000000000005,forecasters,0.0
2016-06-29 04:55:22.443235000,0.35,7018,0.502,forecasters,0.0
2016-06-29 07:36:19.203604000,0.5,2176,0.48700000000000004,forecasters,0.0
2016-06-29 07:36:52.965767000,0.68,2176,0.48460000000000003,forecasters,0.0
2016-06-29 07:38:20.712549000,0.49,2176,0.47840000000000005,forecasters,0.0
2016-06-29 12:02:46.462366000,0.59,6223,0.4742,forecasters,0.0
2016-06-29 14:20:24.349211000,0.73,6119,0.4728,forecasters,0.0
2016-06-29 16:46:56.417039000,0.46,6159,0.466,forecasters,0.0
2016-06-30 19:25:11.392778000,0.5,20813,0.46,forecasters,0.0
2016-06-30 19:25:11.392778000,0.5,6109,0.45399999999999996,forecasters,0.0
2016-07-01 01:33:26.166613000,0.25,6169,0.44299999999999995,forecasters,0.0
2016-07-01 05:23:07.154491000,0.48,12270,0.4366,forecasters,0.0
2016-07-01 05:23:07.154491000,0.48,24953,0.4302,forecasters,0.0
2016-07-01 05:23:07.154491000,0.48,15578,0.4238,forecasters,0.0
2016-07-01 05:23:07.154491000,0.48,5928,0.4174,forecasters,0.0
2016-07-03 04:45:49.010625000,0.55,6247,0.415,forecasters,0.0
2016-07-03 04:45:49.010625000,0.55,11861,0.424,forecasters,0.0
2016-07-03 04:45:49.010625000,0.55,21197,0.4324,forecasters,0.0
2016-07-03 04:45:49.010625000,0.55,9705,0.44079999999999997,forecasters,0.0
2016-07-03 04:45:49.010625024,0.41338,,,community_mean,0.0
2016-07-06 21:56:45.992107000,0.38,6195,0.44239999999999996,forecasters,0.0
2016-07-06 21:56:45.992107000,0.38,13081,0.44400000000000006,forecasters,0.0
2016-07-06 21:56:45.992107008,0.4129,,,community_mean,0.0
2016-07-07 22:11:24.372747000,0.37,8108,0.4454,forecasters,0.0
2016-07-09 16:41:11.071739000,0.06,21194,0.42699999999999994,forecasters,0.0
2016-07-09 16:41:11.071739000,0.06,15627,0.43260000000000004,forecasters,0.0
2016-07-09 16:41:11.071739000,0.06,11464,0.4256,forecasters,0.0
2016-07-09 16:41:11.071739000,0.06,6055,0.4268,forecasters,0.0
2016-07-09 16:41:11.071739000,0.06,20977,0.42979999999999996,forecasters,0.0
2016-07-09 16:41:11.071739000,0.06,11814,0.42800000000000005,forecasters,0.0
2016-07-11 04:08:46.227204000,0.31,6069,0.4278,forecasters,0.0
2016-07-11 04:08:46.227204000,0.31,20134,0.4182,forecasters,0.0
2016-07-11 04:08:46.227204000,0.31,9640,0.423,forecasters,0.0
2016-07-11 04:08:46.227204096,0.40042,,,community_mean,0.0
2016-07-17 13:18:31.862987000,0.85,7452,0.4214,forecasters,0.0
2016-07-17 13:18:31.862987008,0.40667,,,community_mean,0.0
2016-07-23 09:58:20.279944960,0.40685,,,community_mean,0.0
2016-07-23 09:58:20.279945000,0.42,6377,0.4182,forecasters,0.0
2016-07-23 09:58:20.279945000,0.42,11760,0.415,forecasters,0.0
2016-07-23 09:58:20.279945000,0.42,9690,0.4118,forecasters,0.0
2016-07-23 09:58:20.279945000,0.42,21190,0.4142,forecasters,0.0
2016-07-23 20:00:39.463279000,0.13,20826,0.4094,forecasters,0.0
2016-07-23 20:00:39.463279000,0.13,6029,0.4046,forecasters,0.0
2016-07-26 13:30:38.955060992,0.39787,,,community_mean,0.0
2016-07-26 13:30:38.955061000,0.01,5890,0.3974,forecasters,0.0
2016-07-26 13:32:23.829031000,0.5,6983,0.3974,forecasters,0.0
2016-07-26 13:43:28.091135000,0.66,5987,0.3998,forecasters,0.0
2016-07-26 16:15:27.010589000,0.24,5608,0.39380000000000004,forecasters,0.0
2016-07-26 17:00:02.406645000,0.78,5782,0.3986,forecasters,0.0
2016-07-26 17:41:43.169170000,0.87,6241,0.40519999999999995,forecasters,0.0
2016-07-26 19:58:53.272987000,0.4,20817,0.40240000000000004,forecasters,0.0
2016-07-26 19:58:53.272987000,0.4,5875,0.4102,forecasters,0.0
2016-07-26 20:41:32.314172000,0.01,6049,0.4034,forecasters,0.0
2016-07-26 21:36:20.824264000,0.6,5612,0.4034,forecasters,0.0
2016-07-26 22:34:13.444725000,0.5,6175,0.4014,forecasters,0.0
2016-07-26 22:42:58.028842000,0.24,20795,0.39880000000000004,forecasters,0.0
2016-07-26 22:42:58.028842000,0.24,6061,0.39660000000000006,forecasters,0.0
2016-07-26 23:19:46.799431000,0.5,5966,0.3996,forecasters,0.0
2016-07-26 23:19:46.799431000,0.5,19577,0.3996,forecasters,0.0
2016-07-26 23:20:15.089256000,0.25,6030,0.391,forecasters,0.0
2016-07-26 23:41:27.044238000,0.15,6157,0.38419999999999993,forecasters,0.0
2016-07-26 23:57:19.458122000,0.8,20993,0.40260000000000007,forecasters,0.0
2016-07-26 23:57:19.458122000,0.8,21090,0.39660000000000006,forecasters,0.0
2016-07-26 23:57:19.458122000,0.8,11811,0.41960000000000003,forecasters,0.0
2016-07-26 23:57:19.458122000,0.8,15628,0.38839999999999997,forecasters,0.0
2016-07-26 23:57:19.458122000,0.8,6165,0.4086,forecasters,0.0
2016-07-26 23:57:19.458122000,0.8,10698,0.3898,forecasters,0.0
2016-07-27 00:15:26.414175000,0.72,6102,0.42440000000000005,forecasters,0.0
2016-07-27 00:15:26.414175000,0.72,20831,0.4292,forecasters,0.0
2016-07-27 00:41:51.333919000,0.3,4520,0.42560000000000003,forecasters,0.0
2016-07-27 02:59:38.383076000,0.37,6155,0.42339999999999994,forecasters,0.0
2016-07-27 02:59:38.383076000,0.37,11853,0.41979999999999995,forecasters,0.0
2016-07-27 03:58:20.483379000,0.5,19652,0.4188,forecasters,0.0
2016-07-27 03:58:20.483379000,0.5,6336,0.4178,forecasters,0.0
2016-07-27 08:20:52.885434000,0.75,5788,0.4218,forecasters,0.0
2016-07-27 08:40:53.694367000,0.15,6428,0.41720000000000007,forecasters,0.0
2016-07-27 09:50:14.002337000,0.6,5100,0.4216,forecasters,0.0
2016-07-27 10:20:05.056865000,0.24,6173,0.41900000000000004,forecasters,0.0
2016-07-27 13:52:34.924007000,0.77,6055,0.4474,forecasters,0.0
2016-07-27 13:52:34.924007000,0.77,20977,0.4616,forecasters,0.0
2016-07-27 13:52:34.924007000,0.77,11464,0.4758,forecasters,0.0
2016-07-27 13:52:34.924007000,0.77,11814,0.49,forecasters,0.0
2016-07-27 13:52:34.924007000,0.77,15627,0.5042,forecasters,0.0
2016-07-27 13:52:34.924007000,0.77,21194,0.43320000000000003,forecasters,0.0
2016-07-27 16:33:32.272718000,0.79,6026,0.5138,forecasters,0.0
2016-07-27 17:24:43.960689000,0.61,6048,0.5198,forecasters,0.0
2016-07-27 20:24:06.395726000,0.62,20809,0.5259999999999999,forecasters,0.0
2016-07-27 20:24:06.395726000,0.62,6331,0.5214,forecasters,0.0
2016-07-28 01:16:21.202845000,0.4,7207,0.521,forecasters,0.0
2016-07-28 05:58:05.956884992,0.32208655448159773,,,metaculus,0.0
2016-07-28 05:58:05.956885000,0.32,12740,0.5169999999999999,forecasters,0.0
2016-07-28 05:58:05.956885000,0.32,7191,0.519,forecasters,0.0
2016-07-28 14:09:28.798042000,0.4,6093,0.5166000000000001,forecasters,0.0
2016-07-28 14:15:26.029567000,0.35,6438,0.5254,forecasters,0.0
2016-07-28 14:15:26.029567000,0.35,19856,0.521,forecasters,0.0
2016-07-28 19:25:21.496474000,0.5,6110,0.5352,forecasters,0.0
2016-07-28 23:33:32.107177000,0.01,21194,0.5124,forecasters,0.0
2016-07-28 23:33:32.107177000,0.01,6055,0.5078,forecasters,0.0
2016-07-28 23:33:32.107177000,0.01,15627,0.4924,forecasters,0.0
2016-07-28 23:33:32.107177000,0.01,11814,0.4752,forecasters,0.0
2016-07-28 23:33:32.107177000,0.01,20977,0.4673999999999999,forecasters,0.0
2016-07-28 23:33:32.107177000,0.01,11464,0.5254000000000001,forecasters,0.0
2016-07-29 04:06:33.397530000,0.18,6456,0.46299999999999997,forecasters,0.0
2016-07-29 04:06:33.397530000,0.18,20838,0.4664000000000001,forecasters,0.0
2016-07-29 04:06:33.397530112,0.41594,,,community_mean,0.0
2016-07-29 16:44:08.207390000,0.31,5880,0.4606,forecasters,0.0
2016-07-29 18:38:39.191472000,0.45,15586,0.4596,forecasters,0.0
2016-07-29 18:38:39.191472000,0.45,6123,0.46379999999999993,forecasters,0.0
2016-07-29 18:38:39.191472000,0.45,15633,0.46799999999999997,forecasters,0.0
2016-07-29 21:17:16.995104000,0.8,7546,0.474,forecasters,0.0
2016-07-29 21:38:10.233452000,0.13,1652,0.4666,forecasters,0.0
2016-07-29 23:32:24.756008000,0.01,6347,0.4618,forecasters,0.0
2016-07-30 01:24:20.751451000,0.45,6202,0.4678,forecasters,0.0
2016-07-30 20:41:42.826144000,0.01,7489,0.452,forecasters,0.0
2016-07-31 00:17:25.007672000,0.55,7533,0.447,forecasters,0.0
2016-07-31 13:15:12.891118000,0.09,6084,0.4328,forecasters,0.0
2016-07-31 16:32:23.209916000,0.2,7548,0.4208,forecasters,0.0
2016-08-01 01:51:28.337713920,0.41017,,,community_mean,0.0
2016-08-01 01:51:28.337714000,0.5,11464,0.4,forecasters,0.0
2016-08-01 01:51:28.337714000,0.5,11814,0.40880000000000005,forecasters,0.0
2016-08-01 01:51:28.337714000,0.5,6055,0.40399999999999997,forecasters,0.0
2016-08-01 01:51:28.337714000,0.5,15627,0.4066,forecasters,0.0
2016-08-01 01:51:28.337714000,0.5,21194,0.41480000000000006,forecasters,0.0
2016-08-01 01:51:28.337714000,0.5,20977,0.4044,forecasters,0.0
2016-08-01 01:52:08.030078000,0.3,21194,0.3912,forecasters,0.0
2016-08-01 01:52:08.030078000,0.3,11464,0.3882,forecasters,0.0
2016-08-01 01:52:08.030078000,0.3,6055,0.3972,forecasters,0.0
2016-08-01 01:52:08.030078000,0.3,20977,0.40120000000000006,forecasters,0.0
2016-08-01 01:52:08.030078000,0.3,11814,0.4052,forecasters,0.0
2016-08-01 01:52:08.030078000,0.3,15627,0.38520000000000004,forecasters,0.0
2016-08-01 04:51:01.737912000,0.66,7556,0.3936,forecasters,0.0
2016-08-01 10:12:50.913896000,0.51,6170,0.38839999999999997,forecasters,0.0
2016-08-01 13:25:51.356904000,0.5,6105,0.3776,forecasters,0.0
2016-08-01 13:25:51.356904000,0.5,20828,0.38299999999999995,forecasters,0.0
2016-08-01 13:41:34.921398000,0.47,4573,0.37160000000000004,forecasters,0.0
2016-08-01 18:44:13.778864000,0.24,19045,0.361,forecasters,0.0
2016-08-01 18:44:13.778864000,0.24,6207,0.3504,forecasters,0.0
2016-08-01 18:51:02.336674000,0.3,6196,0.34059999999999996,forecasters,0.0
2016-08-01 18:55:55.416734000,0.6,20812,0.34,forecasters,0.0
2016-08-01 18:55:55.416734000,0.6,6350,0.3404,forecasters,0.0
2016-08-01 18:56:47.348563000,0.7,20812,0.3416,forecasters,0.0
2016-08-01 18:56:47.348563000,0.7,6350,0.34759999999999996,forecasters,0.0
2016-08-01 20:02:02.456497000,0.32,6055,0.34119999999999995,forecasters,0.0
2016-08-01 20:02:02.456497000,0.32,15627,0.3476000000000001,forecasters,0.0
2016-08-01 20:02:02.456497000,0.32,21194,0.3476000000000001,forecasters,0.0
2016-08-01 20:02:02.456497000,0.32,20977,0.34600000000000003,forecasters,0.0
2016-08-01 20:02:02.456497000,0.32,11464,0.34540000000000004,forecasters,0.0
2016-08-01 20:02:02.456497000,0.32,11814,0.3448,forecasters,0.0
2016-08-01 23:42:55.336237000,0.05,6338,0.34199999999999997,forecasters,0.0
2016-08-02 02:21:37.883401000,0.65,7096,0.35480000000000006,forecasters,0.0
2016-08-02 03:33:11.832441000,0.17,11814,0.36719999999999997,forecasters,0.0
2016-08-02 03:33:11.832441000,0.17,15627,0.3674,forecasters,0.0
2016-08-02 03:33:11.832441000,0.17,21194,0.36760000000000004,forecasters,0.0
2016-08-02 03:33:11.832441000,0.17,6055,0.3644,forecasters,0.0
2016-08-02 03:33:11.832441000,0.17,11464,0.358,forecasters,0.0
2016-08-02 03:33:11.832441000,0.17,20977,0.3612,forecasters,0.0
2016-08-02 04:36:32.104330000,0.76,7493,0.3762,forecasters,0.0
2016-08-02 07:18:24.833360000,0.38,6168,0.3748,forecasters,0.0
2016-08-02 11:54:27.102816000,0.01,3066,0.366,forecasters,0.0
2016-08-02 18:51:47.079855000,0.32,5605,0.36340000000000006,forecasters,0.0
2016-08-02 19:51:01.561963000,0.81,7532,0.3636,forecasters,0.0
2016-08-03 07:07:08.560788000,0.01,5887,0.3612,forecasters,0.0
2016-08-03 07:07:08.560788000,0.01,12742,0.36119999999999997,forecasters,0.0
2016-08-03 07:08:52.755334000,0.01,7145,0.35240000000000005,forecasters,0.0
2016-08-03 09:37:52.419298000,0.3,6076,0.3582,forecasters,0.0
2016-08-03 09:37:52.419298000,0.3,12716,0.3532,forecasters,0.0
2016-08-03 17:53:24.411640000,0.64,11814,0.3642,forecasters,0.0
2016-08-03 17:53:24.411640000,0.64,21194,0.3814,forecasters,0.0
2016-08-03 17:53:24.411640000,0.64,6055,0.37579999999999997,forecasters,0.0
2016-08-03 17:53:24.411640000,0.64,11464,0.38420000000000004,forecasters,0.0
2016-08-03 17:53:24.411640000,0.64,15627,0.3786,forecasters,0.0
2016-08-03 17:53:24.411640000,0.64,20977,0.373,forecasters,0.0
2016-08-03 19:19:49.126421000,0.9,7046,0.3922,forecasters,0.0
2016-08-04 08:31:56.090821000,0.36,6272,0.38939999999999997,forecasters,0.0
2016-08-04 12:42:22.985205000,0.99,11464,0.45840000000000003,forecasters,0.0
2016-08-04 12:42:22.985205000,0.99,6055,0.4722,forecasters,0.0
2016-08-04 12:42:22.985205000,0.99,15627,0.4032,forecasters,0.0
2016-08-04 12:42:22.985205000,0.99,21194,0.417,forecasters,0.0
2016-08-04 12:42:22.985205000,0.99,11814,0.43080000000000007,forecasters,0.0
2016-08-04 12:42:22.985205000,0.99,20977,0.4446,forecasters,0.0
2016-08-04 12:42:37.724506000,0.99,21194,0.47879999999999995,forecasters,0.0
2016-08-04 12:42:37.724506000,0.99,11464,0.48840000000000006,forecasters,0.0
2016-08-04 12:42:37.724506000,0.99,11814,0.4982,forecasters,0.0
2016-08-04 12:42:37.724506000,0.99,15627,0.508,forecasters,0.0
2016-08-04 12:42:37.724506000,0.99,6055,0.5184,forecasters,0.0
2016-08-04 12:42:37.724506000,0.99,20977,0.5334,forecasters,0.0
2016-08-04 21:57:39.927835904,0.41551,,,community_mean,0.0
2016-08-04 21:57:39.927836000,0.5,6003,0.5426000000000001,forecasters,0.0
2016-08-04 21:57:39.927836000,0.5,20793,0.5386000000000001,forecasters,0.0
2016-08-04 23:04:12.056739000,0.2,5995,0.5346,forecasters,0.0
2016-08-04 23:45:22.841753000,0.2,3729,0.5266000000000001,forecasters,0.0
2016-08-05 02:16:38.566935000,0.75,5876,0.5276,forecasters,0.0
2016-08-05 14:23:13.400585000,0.75,6187,0.5286,forecasters,0.0
2016-08-05 21:43:06.906579000,0.55,6062,0.5332,forecasters,0.0
2016-08-05 22:24:49.133458000,0.33,14069,0.5334,forecasters,0.0
2016-08-05 22:24:49.133458000,0.33,6222,0.5336,forecasters,0.0
2016-08-06 03:27:40.165659000,0.34,7442,0.534,forecasters,0.0
2016-08-06 04:16:42.448654000,0.17,14331,0.531,forecasters,0.0
2016-08-06 04:16:42.448654000,0.17,6577,0.528,forecasters,0.0
2016-08-06 08:37:55.474382000,0.01,6219,0.5272,forecasters,0.0
2016-08-06 19:55:25.489544000,0.01,6091,0.508,forecasters,0.0
2016-08-06 19:55:25.489544000,0.01,13522,0.5144,forecasters,0.0
2016-08-06 19:55:25.489544000,0.01,12255,0.5112000000000001,forecasters,0.0
2016-08-06 23:15:56.195634000,0.7,7526,0.5186,forecasters,0.0
2016-08-07 16:22:20.942944000,0.41297,,,community_mean,0.0
2016-08-07 16:22:20.942944000,0.6,6348,0.5272,forecasters,0.0
2016-08-07 16:47:49.963828000,0.39,7530,0.5316000000000001,forecasters,0.0
2016-08-07 21:52:38.810286000,0.32,6032,0.5346,forecasters,0.0
2016-08-08 03:11:35.397268000,0.75,6077,0.5344000000000001,forecasters,0.0
2016-08-08 08:13:21.321113000,0.35,8392,0.5337999999999999,forecasters,0.0
2016-08-09 03:59:44.930302000,0.2,6000,0.5376,forecasters,0.0
2016-08-09 15:35:07.753408000,0.8,5609,0.5472,forecasters,0.0
2016-08-10 02:06:52.730204000,0.8,6041,0.547,forecasters,0.0
2016-08-10 04:55:26.357404928,0.42128,,,community_mean,0.0
2016-08-10 04:55:26.357405000,0.99,20778,0.5861999999999999,forecasters,0.0
2016-08-10 04:55:26.357405000,0.99,7169,0.5666,forecasters,0.0
2016-08-11 01:31:07.657423000,0.3,5785,0.5920000000000001,forecasters,0.0
2016-08-11 02:26:19.379837000,0.34,6034,0.5928,forecasters,0.0
2016-08-11 05:32:57.938778000,0.6,6008,0.5988,forecasters,0.0
2016-08-11 16:34:27.766527000,0.25,6430,0.591,forecasters,0.0
2016-08-11 23:42:59.300399000,0.6,7542,0.5902000000000001,forecasters,0.0
2016-08-12 21:57:14.760865000,0.16,6752,0.5806,forecasters,0.0
2016-08-12 22:19:59.264653000,0.3,7417,0.5738,forecasters,0.0
2016-08-13 01:10:26.289289984,0.32427983100500607,,,metaculus,0.0
2016-08-13 01:10:26.289290000,0.25,6189,0.5660000000000001,forecasters,0.0
2016-08-13 17:46:27.603960000,0.8,6424,0.5672,forecasters,0.0
2016-08-13 17:46:27.603960000,0.8,13217,0.5692,forecasters,0.0
2016-08-13 17:46:27.603960064,0.42012,,,community_mean,0.0
2016-08-13 20:44:01.320182000,0.25,6374,0.5501999999999999,forecasters,0.0
2016-08-13 20:44:01.320182000,0.25,23076,0.565,forecasters,0.0
2016-08-14 00:14:08.903868000,0.59,20811,0.5422,forecasters,0.0
2016-08-14 00:14:08.903868000,0.59,5996,0.5341999999999999,forecasters,0.0
2016-08-14 17:38:02.070550000,0.8,4881,0.5304,forecasters,0.0
2016-08-14 18:53:49.768054000,0.3,7495,0.5166,forecasters,0.0
2016-08-14 18:53:49.768054000,0.3,16306,0.5028,forecasters,0.0
2016-08-14 19:47:25.249199000,0.5,5962,0.49300000000000005,forecasters,0.0
2016-08-15 14:41:45.764991000,0.32,11464,0.46620000000000006,forecasters,0.0
2016-08-15 14:41:45.764991000,0.32,15627,0.45280000000000004,forecasters,0.0
2016-08-15 14:41:45.764991000,0.32,20977,0.43940000000000007,forecasters,0.0
2016-08-15 14:41:45.764991000,0.32,21194,0.42599999999999993,forecasters,0.0
2016-08-15 14:41:45.764991000,0.32,11814,0.42239999999999994,forecasters,0.0
2016-08-15 14:41:45.764991000,0.32,6055,0.4796,forecasters,0.0
2016-08-15 17:47:13.887147000,0.75,6068,0.42739999999999995,forecasters,0.0
2016-08-15 20:28:27.311170000,0.05,7519,0.4244,forecasters,0.0
2016-08-15 20:28:27.311170048,0.32092178560038065,,,metaculus,0.0
2016-08-17 04:41:39.460384000,0.77,6328,0.43579999999999997,forecasters,0.0
2016-08-18 06:39:59.779736000,0.36,8715,0.428,forecasters,0.0
2016-08-18 06:39:59.779736064,0.41966,,,community_mean,0.0
2016-08-18 21:19:38.331767000,0.7,6343,0.42700000000000005,forecasters,0.0
2016-08-19 04:07:19.622182000,0.6,20841,0.428,forecasters,0.0
2016-08-19 04:07:19.622182000,0.6,6096,0.4334,forecasters,0.0
2016-08-19 16:00:31.531898000,0.4,6320,0.436,forecasters,0.0
2016-08-19 16:00:31.531898000,0.4,20900,0.43479999999999996,forecasters,0.0
2016-08-19 16:10:41.681564000,0.1,6051,0.4346,forecasters,0.0
2016-08-19 19:42:33.439691000,0.3,5607,0.4372,forecasters,0.0
2016-08-20 23:14:36.730886912,0.41739,,,community_mean,0.0
2016-08-20 23:14:36.730887000,0.01,7420,0.43720000000000003,forecasters,0.0
2016-08-23 20:51:48.708282880,0.41619,,,community_mean,0.0
2016-08-23 20:51:48.708283000,0.2,20823,0.4448,forecasters,0.0
2016-08-23 20:51:48.708283000,0.2,6050,0.441,forecasters,0.0
2016-08-24 11:03:50.373808000,0.01,6451,0.44480000000000003,forecasters,0.0
2016-08-24 11:03:50.373808000,0.01,14112,0.431,forecasters,0.0
2016-08-24 18:33:32.411763000,0.3,19344,0.425,forecasters,0.0
2016-08-24 18:33:32.411763000,0.3,6182,0.4232,forecasters,0.0
2016-08-25 00:35:30.448595000,0.17,5792,0.42019999999999996,forecasters,0.0
2016-08-25 09:09:12.966234000,0.83,4227,0.4218,forecasters,0.0
2016-08-26 21:20:51.640398000,0.49,6067,0.42460000000000003,forecasters,0.0
2016-08-27 05:16:35.966573000,0.4,7440,0.4286000000000001,forecasters,0.0
2016-08-27 05:16:35.966573056,0.4146,,,community_mean,0.0
2016-08-29 02:15:11.613477000,0.81,6273,0.429,forecasters,0.0
2016-08-29 02:15:11.613477000,0.81,19653,0.4288,forecasters,0.0
2016-08-30 21:50:01.363609000,0.05,6116,0.41019999999999995,forecasters,0.0
2016-08-31 01:06:09.049286000,0.09,6082,0.38799999999999996,forecasters,0.0
2016-08-31 01:06:09.049286000,0.09,11863,0.3922,forecasters,0.0
2016-09-01 03:15:15.184558000,0.21,18858,0.38539999999999996,forecasters,0.0
2016-09-01 03:15:15.184558000,0.21,6324,0.37760000000000005,forecasters,0.0
2016-09-01 03:15:15.184558080,0.41199,,,community_mean,0.0
2016-09-03 06:48:34.044606000,0.1,5099,0.3746,forecasters,0.0
2016-09-03 19:35:31.721882000,0.66,20835,0.3858,forecasters,0.0
2016-09-03 19:35:31.721882000,0.66,6071,0.37579999999999997,forecasters,0.0
2016-09-03 21:30:55.915331000,0.2,20810,0.38280000000000003,forecasters,0.0
2016-09-03 21:30:55.915331000,0.2,6019,0.38380000000000003,forecasters,0.0
2016-09-03 22:33:29.692364000,0.66,6231,0.38,forecasters,0.0
2016-09-03 23:59:16.699148000,0.3,6058,0.37,forecasters,0.0
2016-09-03 23:59:16.699148000,0.3,20849,0.371,forecasters,0.0
2016-09-04 00:30:04.345274000,0.35,20849,0.37300000000000005,forecasters,0.0
2016-09-04 00:30:04.345274000,0.35,6058,0.3682,forecasters,0.0
2016-09-04 02:35:10.692545000,0.1,10701,0.32839999999999997,forecasters,0.0
2016-09-04 02:35:10.692545000,0.1,11830,0.33640000000000003,forecasters,0.0
2016-09-04 02:35:10.692545000,0.1,6150,0.3404,forecasters,0.0
2016-09-04 02:35:10.692545000,0.1,21098,0.35840000000000005,forecasters,0.0
2016-09-04 02:35:10.692545000,0.1,20965,0.34440000000000004,forecasters,0.0
2016-09-04 09:36:51.265143000,0.34,6168,0.32880000000000004,forecasters,0.0
2016-09-05 02:35:12.374149888,0.41086,,,community_mean,0.0
2016-09-05 02:35:12.374150000,0.37,5604,0.3298,forecasters,0.0
2016-09-05 02:35:12.374150000,0.37,20284,0.3308,forecasters,0.0
2016-09-06 10:54:31.671141000,0.01,6075,0.3246,forecasters,0.0
2016-09-06 11:10:50.305465000,0.1,6108,0.32020000000000004,forecasters,0.0
2016-09-06 11:10:50.305465088,0.3104806642441053,,,metaculus,0.0
2016-09-07 11:31:07.584269000,0.5,7461,0.32380000000000003,forecasters,0.0
2016-09-07 11:31:07.584269056,0.40775,,,community_mean,0.0
2016-09-07 19:14:13.577610000,0.51,2579,0.3282,forecasters,0.0
2016-09-07 19:14:13.577610000,0.51,20830,0.319,forecasters,0.0
2016-09-07 22:50:28.513879000,0.3,9650,0.3188,forecasters,0.0
2016-09-07 22:50:28.513879000,0.3,11958,0.3176,forecasters,0.0
2016-09-07 22:50:28.513879000,0.3,6035,0.3096,forecasters,0.0
2016-09-08 00:19:47.380329000,0.38,7387,0.30519999999999997,forecasters,0.0
2016-09-08 04:17:57.606148000,0.58,6578,0.3084,forecasters,0.0
2016-09-08 04:17:57.606148000,0.58,20816,0.3048,forecasters,0.0
2016-09-09 02:14:25.767599000,0.5,6210,0.3104,forecasters,0.0
2016-09-10 20:15:08.605351936,0.40698,,,community_mean,0.0
2016-09-10 20:15:08.605352000,0.21,20878,0.3126,forecasters,0.0
2016-09-10 20:15:08.605352000,0.21,7481,0.3108,forecasters,0.0
2016-09-11 04:10:04.714396000,0.03,10701,0.30779999999999996,forecasters,0.0
2016-09-11 04:10:04.714396000,0.03,11830,0.31120000000000003,forecasters,0.0
2016-09-11 04:10:04.714396000,0.03,20965,0.3044,forecasters,0.0
2016-09-11 04:10:04.714396000,0.03,21098,0.3048,forecasters,0.0
2016-09-11 04:10:04.714396000,0.03,6150,0.3052,forecasters,0.0
2016-09-11 05:48:11.976112000,0.34,20792,0.306,forecasters,0.0
2016-09-11 05:48:11.976112000,0.34,6127,0.3068,forecasters,0.0
2016-09-12 02:27:17.421932000,0.54,6310,0.3142,forecasters,0.0
2016-09-12 02:27:17.421932000,0.54,19390,0.3084,forecasters,0.0
2016-09-12 19:15:34.654538000,0.01,6326,0.2988,forecasters,0.0
2016-09-12 19:15:34.654538000,0.01,13226,0.29100000000000004,forecasters,0.0
2016-09-13 05:35:20.634735000,0.45,6317,0.2838,forecasters,0.0
2016-09-13 05:35:20.634735104,0.2746393972522759,,,metaculus,0.0
2016-09-13 05:35:20.634735104,0.40401,,,community_mean,0.0
2016-09-14 18:16:38.896828000,0.2,6005,0.2716,forecasters,0.0
2016-09-14 18:16:38.896828000,0.2,13790,0.2746,forecasters,0.0
2016-09-14 18:16:38.896828000,0.2,21122,0.27680000000000005,forecasters,0.0
2016-09-14 20:45:16.158723000,0.34,7497,0.2818,forecasters,0.0
2016-09-14 20:45:16.158723000,0.34,19410,0.2844,forecasters,0.0
2016-09-15 07:10:34.709742000,0.25,20819,0.2852,forecasters,0.0
2016-09-15 07:10:34.709742000,0.25,6033,0.2882,forecasters,0.0
2016-09-15 09:48:15.746403000,0.2,13808,0.27899999999999997,forecasters,0.0
2016-09-15 09:48:15.746403000,0.2,6978,0.2698,forecasters,0.0
2016-09-15 13:46:39.692706000,0.5,5601,0.27580000000000005,forecasters,0.0
2016-09-15 22:15:30.340971000,0.4,20849,0.2746,forecasters,0.0
2016-09-15 22:15:30.340971000,0.4,6058,0.2798,forecasters,0.0
2016-09-16 02:07:31.104305000,0.5,8326,0.2786,forecasters,0.0
2016-09-16 10:21:31.633331000,0.01,6422,0.2728,forecasters,0.0
2016-09-16 16:02:42.874012000,0.1,7448,0.26780000000000004,forecasters,0.0
2016-09-16 16:12:14.772916992,0.39852,,,community_mean,0.0
2016-09-16 16:12:14.772917000,0.3,20829,0.2668,forecasters,0.0
2016-09-16 16:12:14.772917000,0.3,6227,0.27080000000000004,forecasters,0.0
2016-09-16 17:59:05.104779000,0.32,6097,0.27520000000000006,forecasters,0.0
2016-09-16 18:03:50.574459000,0.55,7482,0.2842,forecasters,0.0
2016-09-16 18:03:50.574459000,0.55,20807,0.2932,forecasters,0.0
2016-09-16 18:04:04.319105000,0.85,5603,0.30820000000000003,forecasters,0.0
2016-09-16 18:12:49.360405000,0.25,7439,0.3064,forecasters,0.0
2016-09-16 18:16:06.905165000,0.37,7450,0.3064,forecasters,0.0
2016-09-16 18:31:12.861685000,0.75,7074,0.314,forecasters,0.0
2016-09-16 18:55:57.598066000,0.99,4228,0.3336,forecasters,0.0
2016-09-16 18:56:07.279817000,0.2,19432,0.33559999999999995,forecasters,0.0
2016-09-16 18:56:07.279817000,0.2,6073,0.3296,forecasters,0.0
2016-09-16 19:11:49.184768000,0.75,6054,0.33440000000000003,forecasters,0.0
2016-09-16 19:20:11.417084000,0.28,5988,0.3298,forecasters,0.0
2016-09-16 20:38:53.221588000,0.74,6089,0.3386,forecasters,0.0
2016-09-16 20:38:53.221588000,0.74,20822,0.34740000000000004,forecasters,0.0
2016-09-16 20:44:22.397599000,0.79,6307,0.36540000000000006,forecasters,0.0
2016-09-16 20:44:22.397599000,0.79,13164,0.3696,forecasters,0.0
2016-09-16 20:44:22.397599000,0.79,10704,0.35719999999999996,forecasters,0.0
2016-09-16 20:50:04.864492000,0.81,10704,0.37420000000000003,forecasters,0.0
2016-09-16 20:50:04.864492000,0.81,13164,0.38040000000000007,forecasters,0.0
2016-09-16 20:50:04.864492000,0.81,6307,0.3924,forecasters,0.0
2016-09-16 20:52:40.181867000,0.6,6345,0.40020000000000006,forecasters,0.0
2016-09-16 20:52:40.181867000,0.6,20805,0.41159999999999997,forecasters,0.0
2016-09-16 20:57:06.273042000,0.3,7463,0.41700000000000004,forecasters,0.0
2016-09-16 21:13:17.926175000,0.01,4224,0.4166,forecasters,0.0
2016-09-16 21:18:28.743791000,0.1,6174,0.418,forecasters,0.0
2016-09-16 21:35:13.262686000,0.66,8393,0.43060000000000004,forecasters,0.0
2016-09-16 21:59:51.131598000,0.26,5784,0.42900000000000005,forecasters,0.0
2016-09-16 22:25:25.945754000,0.28,6445,0.4278,forecasters,0.0
2016-09-16 22:34:39.104134000,0.5,4464,0.42699999999999994,forecasters,0.0
2016-09-16 22:51:55.415591000,0.99,7537,0.436,forecasters,0.0
2016-09-16 23:06:59.604975000,0.98,7054,0.4554000000000001,forecasters,0.0
2016-09-17 00:05:35.691164000,0.32,7390,0.4616,forecasters,0.0
2016-09-17 00:30:11.380233000,0.75,6177,0.46760000000000007,forecasters,0.0
2016-09-17 01:11:21.935715000,0.9,5606,0.48160000000000003,forecasters,0.0
2016-09-17 01:33:03.253648000,0.1,7226,0.4796,forecasters,0.0
2016-09-17 01:49:00.779112000,0.59,1650,0.4874,forecasters,0.0
2016-09-17 02:08:06.219951000,0.54,7444,0.4914,forecasters,0.0
2016-09-17 03:07:01.539851000,0.49,7486,0.49439999999999995,forecasters,0.0
2016-09-17 07:37:46.536576000,0.48,5877,0.499,forecasters,0.0
2016-09-17 07:37:46.536576000,0.48,20801,0.5036,forecasters,0.0
2016-09-17 07:55:05.119620000,0.11,20943,0.4922000000000001,forecasters,0.0
2016-09-17 07:55:05.119620000,0.11,15594,0.4864,forecasters,0.0
2016-09-17 07:55:05.119620000,0.11,12197,0.4806,forecasters,0.0
2016-09-17 07:55:05.119620000,0.11,13523,0.5,forecasters,0.0
2016-09-17 07:55:05.119620000,0.11,6558,0.5018,forecasters,0.0
2016-09-17 08:35:05.505154000,0.01,6162,0.4708,forecasters,0.0
2016-09-17 09:08:55.386187000,0.05,7491,0.47159999999999996,forecasters,0.0
2016-09-17 09:24:57.802894000,0.9,5783,0.48760000000000003,forecasters,0.0
2016-09-17 10:28:10.229946000,0.99,5980,0.5014,forecasters,0.0
2016-09-17 10:28:10.229946000,0.99,20840,0.5152,forecasters,0.0
2016-09-17 14:48:29.512149000,0.2,11042,0.4988,forecasters,0.0
2016-09-17 14:48:29.512149000,0.2,5961,0.5128,forecasters,0.0
2016-09-17 14:48:29.512149000,0.2,13521,0.5058,forecasters,0.0
2016-09-17 14:56:09.218774000,0.5,5611,0.4918,forecasters,0.0
2016-09-17 14:56:39.542362000,0.32,5611,0.4932,forecasters,0.0
2016-09-17 15:45:05.417396000,0.1,1337,0.4878,forecasters,0.0
2016-09-17 15:59:01.939192000,0.58,6204,0.4844,forecasters,0.0
2016-09-17 16:23:07.913361000,0.6,6057,0.4766,forecasters,0.0
2016-09-17 19:16:56.112747000,0.91,7453,0.49080000000000007,forecasters,0.0
2016-09-17 19:54:55.550694000,0.8,7480,0.5028,forecasters,0.0
2016-09-17 22:35:41.512430000,0.99,7228,0.5075999999999999,forecasters,0.0
2016-09-18 01:19:02.054277000,0.22,7471,0.5064,forecasters,0.0
2016-09-18 04:57:56.355897000,0.6,6078,0.5036,forecasters,0.0
2016-09-18 04:59:37.985235000,0.58,20832,0.5004,forecasters,0.0
2016-09-18 04:59:37.985235000,0.58,6436,0.49620000000000003,forecasters,0.0
2016-09-18 05:34:50.394592000,0.75,8020,0.4954,forecasters,0.0
2016-09-18 05:54:11.414610000,0.18,7558,0.4832,forecasters,0.0
2016-09-18 08:28:06.224952000,0.39,1651,0.47480000000000006,forecasters,0.0
2016-09-18 11:47:30.804027000,0.11,673,0.4608,forecasters,0.0
2016-09-18 12:46:02.785625000,0.38,7518,0.4522,forecasters,0.0
2016-09-18 16:42:41.946596000,0.8,7492,0.4562,forecasters,0.0
2016-09-18 20:14:02.356349000,0.6,6321,0.45620000000000005,forecasters,0.0
2016-09-19 00:17:22.032620000,0.26,5615,0.45539999999999997,forecasters,0.0
2016-09-19 06:58:02.235386000,0.2,8336,0.45919999999999994,forecasters,0.0
2016-09-19 07:28:03.329460000,0.58,7561,0.46880000000000005,forecasters,0.0
2016-09-19 07:36:59.540699000,0.85,4463,0.47259999999999996,forecasters,0.0
2016-09-19 07:41:14.187159000,0.8,4226,0.48339999999999994,forecasters,0.0
2016-09-19 09:43:09.578071000,0.01,7438,0.47800000000000004,forecasters,0.0
2016-09-19 12:32:56.473985000,0.34,13082,0.4618,forecasters,0.0
2016-09-19 12:32:56.473985000,0.34,5883,0.47480000000000006,forecasters,0.0
2016-09-19 13:42:36.771295000,0.75,6197,0.4572,forecasters,0.0
2016-09-19 18:13:09.719798000,0.68,8196,0.4644,forecasters,0.0
2016-09-19 18:44:22.462003000,0.57,5780,0.4608,forecasters,0.0
2016-09-19 19:00:18.660813000,0.6,8010,0.4548,forecasters,0.0
2016-09-19 19:42:28.821042000,0.7,6166,0.4668,forecasters,0.0
2016-09-19 19:54:57.406413000,0.33,7433,0.46159999999999995,forecasters,0.0
2016-09-20 00:50:25.603511000,0.66,6160,0.46399999999999997,forecasters,0.0
2016-09-20 12:50:38.358435000,0.5,7527,0.4642,forecasters,0.0
2016-09-20 12:50:38.358435072,0.283288968161518,,,metaculus,0.0
2016-09-21 01:00:18.469488896,0.42486,,,community_mean,0.0
2016-09-21 01:00:18.469489000,0.33,9726,0.46120000000000005,forecasters,0.0
2016-09-21 01:00:18.469489000,0.33,12227,0.4582,forecasters,0.0
2016-09-21 01:00:18.469489000,0.33,6074,0.46260000000000007,forecasters,0.0
2016-09-21 02:59:39.143710000,0.01,6012,0.4606,forecasters,0.0
2016-09-21 02:59:39.143710000,0.01,20776,0.4586,forecasters,0.0
2016-09-21 10:04:28.664782000,0.54,7286,0.4672,forecasters,0.0
2016-09-21 18:55:22.545917000,0.34,6734,0.4718,forecasters,0.0
2016-09-21 19:11:40.136715000,0.86,5613,0.4888,forecasters,0.0
2016-09-21 19:44:04.337487000,0.66,7172,0.501,forecasters,0.0
2016-09-21 21:33:22.764685000,0.99,5914,0.5027999999999999,forecasters,0.0
2016-09-21 21:33:22.764685000,0.99,20843,0.5028,forecasters,0.0
2016-09-22 00:03:39.645834000,0.06,6322,0.48419999999999996,forecasters,0.0
2016-09-22 02:06:59.839057000,0.99,7265,0.5,forecasters,0.0
2016-09-22 12:07:52.886628000,0.3,7044,0.502,forecasters,0.0
2016-09-22 12:40:37.661945000,0.24,7429,0.5028,forecasters,0.0
2016-09-22 17:37:18.171273000,0.99,1638,0.5126,forecasters,0.0
2016-09-23 03:19:38.969810944,0.4301,,,community_mean,0.0
2016-09-23 03:19:38.969811000,0.67,6121,0.5196000000000001,forecasters,0.0
2016-09-23 18:09:27.937658000,0.05,4225,0.5186,forecasters,0.0
2016-09-23 18:09:27.937658000,0.05,20794,0.508,forecasters,0.0
2016-09-24 00:51:21.408518000,0.67,3707,0.5094,forecasters,0.0
2016-09-24 12:49:38.123981000,0.2,6570,0.4952,forecasters,0.0
2016-09-24 12:49:38.123981000,0.2,20796,0.4832,forecasters,0.0
2016-09-24 20:58:19.728891000,0.03,7418,0.46399999999999997,forecasters,0.0
2016-09-24 21:32:35.121255000,0.7,8018,0.4736,forecasters,0.0
2016-09-26 01:52:59.111744000,0.56,8356,0.4728,forecasters,0.0
2016-09-26 02:10:00.824978000,0.15,6846,0.4642,forecasters,0.0
2016-09-26 17:25:17.050611000,0.99,6452,0.47240000000000004,forecasters,0.0
2016-09-26 18:42:54.546575000,0.5,6028,0.46740000000000004,forecasters,0.0
2016-09-26 18:43:22.843183000,0.35,6028,0.4708,forecasters,0.0
2016-09-26 22:05:46.896520960,0.42912,,,community_mean,0.0
2016-09-26 22:05:46.896521000,0.3,20827,0.469,forecasters,0.0
2016-09-26 22:05:46.896521000,0.3,6254,0.4728,forecasters,0.0
2016-09-27 19:40:55.265335000,0.3,6847,0.47120000000000006,forecasters,0.0
2016-09-28 05:46:17.535896000,0.1,7451,0.4572,forecasters,0.0
2016-09-28 16:30:56.666106000,0.25,11846,0.45019999999999993,forecasters,0.0
2016-09-28 16:30:56.666106000,0.25,7484,0.45,forecasters,0.0
2016-09-28 18:11:39.561227000,0.6,11835,0.44939999999999997,forecasters,0.0
2016-09-28 18:11:39.561227000,0.6,9611,0.4534,forecasters,0.0
2016-09-28 18:11:39.561227000,0.6,6225,0.458,forecasters,0.0
2016-09-28 18:11:39.561227000,0.6,21143,0.4584,forecasters,0.0
2016-09-28 20:44:22.631732000,0.5,12271,0.4592,forecasters,0.0
2016-09-28 20:44:22.631732000,0.5,6043,0.4623999999999999,forecasters,0.0
2016-09-28 20:44:22.631732000,0.5,10697,0.4656,forecasters,0.0
2016-09-29 14:46:13.621094000,0.14,6259,0.45339999999999997,forecasters,0.0
2016-09-29 14:52:55.844097000,0.74,19390,0.4546,forecasters,0.0
2016-09-29 14:52:55.844097000,0.74,6310,0.45799999999999996,forecasters,0.0
2016-09-29 15:36:31.936223000,0.5,6249,0.456,forecasters,0.0
2016-09-29 15:36:31.936223000,0.5,21483,0.45199999999999996,forecasters,0.0
2016-09-29 15:36:44.942450000,0.25,6249,0.45039999999999997,forecasters,0.0
2016-09-29 15:36:44.942450000,0.25,21483,0.4422,forecasters,0.0
2016-09-29 15:54:43.745201000,0.45,6250,0.4412,forecasters,0.0
2016-09-29 17:34:34.452635000,0.58,7421,0.4462,forecasters,0.0
2016-09-29 17:41:23.566461000,0.32,6251,0.446,forecasters,0.0
2016-09-30 00:30:48.147020000,0.25,1494,0.44439999999999996,forecasters,0.0
2016-09-30 08:23:49.751174000,0.1,6293,0.4462,forecasters,0.0
2016-09-30 20:43:27.330944000,0.61,7522,0.4582,forecasters,0.0
2016-10-01 20:26:57.470823000,0.7,13239,0.46619999999999995,forecasters,0.0
2016-10-01 20:26:57.470823000,0.7,9652,0.4686,forecasters,0.0
2016-10-01 20:26:57.470823000,0.7,25889,0.46140000000000003,forecasters,0.0
2016-10-01 20:26:57.470823000,0.7,5978,0.4654,forecasters,0.0
2016-10-02 00:12:24.000503000,0.55,6255,0.45740000000000003,forecasters,0.0
2016-10-02 00:12:24.000503040,0.43262463356796294,,,metaculus,0.0
2016-10-02 00:12:24.000503040,0.42722,,,community_mean,0.0
2016-10-02 15:27:01.567855000,0.3,5793,0.4436,forecasters,0.0
2016-10-02 16:28:04.951329000,0.56,8025,0.4536,forecasters,0.0
2016-10-02 16:28:25.866831000,0.62,8025,0.4462,forecasters,0.0
2016-10-02 18:13:02.959717000,0.39,6900,0.44800000000000006,forecasters,0.0
2016-10-02 21:42:55.151131000,0.15,6257,0.4462,forecasters,0.0
2016-10-03 06:24:07.303650000,0.2,23075,0.424,forecasters,0.0
2016-10-03 06:24:07.303650000,0.2,9719,0.4304,forecasters,0.0
2016-10-03 06:24:07.303650000,0.2,11748,0.42100000000000004,forecasters,0.0
2016-10-03 06:24:07.303650000,0.2,13800,0.41759999999999997,forecasters,0.0
2016-10-03 06:24:07.303650000,0.2,5881,0.42699999999999994,forecasters,0.0
2016-10-03 06:26:16.771270000,0.18,13800,0.4018,forecasters,0.0
2016-10-03 06:26:16.771270000,0.18,5881,0.40940000000000004,forecasters,0.0
2016-10-03 06:26:16.771270000,0.18,23075,0.41980000000000006,forecasters,0.0
2016-10-03 06:26:16.771270000,0.18,11748,0.4168,forecasters,0.0
2016-10-03 06:26:16.771270000,0.18,9719,0.4172,forecasters,0.0
2016-10-03 06:26:28.139222000,0.21,13800,0.38159999999999994,forecasters,0.0
2016-10-03 06:26:28.139222000,0.21,5881,0.38739999999999997,forecasters,0.0
2016-10-03 06:26:28.139222000,0.21,23075,0.40299999999999997,forecasters,0.0
2016-10-03 06:26:28.139222000,0.21,11748,0.3788,forecasters,0.0
2016-10-03 06:26:28.139222000,0.21,9719,0.37699999999999995,forecasters,0.0
2016-10-03 08:23:37.419760000,0.35,5918,0.37799999999999995,forecasters,0.0
2016-10-03 10:23:39.381190000,0.66,6223,0.3852,forecasters,0.0
2016-10-03 22:06:21.799817000,0.01,5919,0.3834,forecasters,0.0
2016-10-05 12:21:42.187484928,0.42654,,,community_mean,0.0
2016-10-05 12:21:42.187485000,0.77,6258,0.39380000000000004,forecasters,0.0
2016-10-05 19:07:05.434979000,0.62,5920,0.4012,forecasters,0.0
2016-10-06 06:12:41.171783000,0.2,7445,0.38520000000000004,forecasters,0.0
2016-10-06 06:12:41.171783000,0.2,20844,0.3932,forecasters,0.0
2016-10-06 13:47:15.086172000,0.7,7564,0.3872,forecasters,0.0
2016-10-07 06:17:46.002440000,0.55,6195,0.3862,forecasters,0.0
2016-10-07 06:17:46.002440000,0.55,13081,0.38720000000000004,forecasters,0.0
2016-10-08 01:14:33.946500000,0.3,21040,0.3648,forecasters,0.0
2016-10-08 01:14:33.946500000,0.3,10699,0.38319999999999993,forecasters,0.0
2016-10-08 01:14:33.946500000,0.3,6006,0.3824,forecasters,0.0
2016-10-08 01:14:33.946500000,0.3,21196,0.3791999999999999,forecasters,0.0
2016-10-08 01:14:33.946500000,0.3,12188,0.3736,forecasters,0.0
2016-10-08 01:14:33.946500096,0.4274,,,community_mean,0.0
2016-10-08 16:24:03.546414000,0.01,5794,0.355,forecasters,0.0
2016-10-09 07:26:03.662064000,0.38,6260,0.35259999999999997,forecasters,0.0
2016-10-11 04:27:21.299501000,0.5,849,0.35760000000000003,forecasters,0.0
2016-10-11 23:06:16.857718000,0.3,6262,0.3586,forecasters,0.0
2016-10-11 23:06:38.509792000,0.4,6262,0.35760000000000003,forecasters,0.0
2016-10-12 20:39:59.372397000,0.2,5795,0.35,forecasters,0.0
2016-10-12 20:39:59.372397056,0.42548,,,community_mean,0.0
2016-10-13 04:01:52.410932000,0.7,6058,0.3576,forecasters,0.0
2016-10-13 04:01:52.410932000,0.7,20849,0.3666,forecasters,0.0
2016-10-13 04:13:47.011944000,0.35,9719,0.37160000000000004,forecasters,0.0
2016-10-13 04:13:47.011944000,0.35,5881,0.36639999999999995,forecasters,0.0
2016-10-13 04:13:47.011944000,0.35,11748,0.3594,forecasters,0.0
2016-10-13 04:13:47.011944000,0.35,23075,0.35240000000000005,forecasters,0.0
2016-10-13 04:13:47.011944000,0.35,13800,0.3454,forecasters,0.0
2016-10-13 10:26:24.309161000,0.43,6168,0.34,forecasters,0.0
2016-10-13 11:48:22.845149000,0.07,10701,0.33039999999999997,forecasters,0.0
2016-10-13 11:48:22.845149000,0.07,20965,0.3258,forecasters,0.0
2016-10-13 11:48:22.845149000,0.07,21098,0.305,forecasters,0.0
2016-10-13 11:48:22.845149000,0.07,6150,0.2986,forecasters,0.0
2016-10-13 11:48:22.845149000,0.07,11830,0.316,forecasters,0.0
2016-10-14 04:42:31.413609000,0.6,2454,0.3076,forecasters,0.0
2016-10-14 06:13:39.819121000,0.01,5922,0.3038,forecasters,0.0
2016-10-14 11:26:28.928900000,0.25,6265,0.3048,forecasters,0.0
2016-10-14 11:26:28.928900096,0.44028331914456137,,,metaculus,0.0
2016-10-16 00:25:54.149856000,0.32,7118,0.3072,forecasters,0.0
2016-10-17 13:20:29.357965000,0.01,6266,0.3034,forecasters,0.0
2016-10-17 17:07:06.292823000,0.51,6267,0.3096,forecasters,0.0
2016-10-17 17:07:06.292823040,0.42465,,,community_mean,0.0
2016-10-19 02:23:56.216141000,0.25,3985,0.311,forecasters,0.0
2016-10-19 09:39:40.615642000,0.01,6581,0.3076,forecasters,0.0
2016-10-19 09:39:40.615642000,0.01,19061,0.30419999999999997,forecasters,0.0
2016-10-19 18:30:01.204729000,0.2,13418,0.305,forecasters,0.0
2016-10-19 18:30:01.204729000,0.2,6401,0.3046,forecasters,0.0
2016-10-20 08:33:57.011320000,0.01,6583,0.301,forecasters,0.0
2016-10-20 08:33:57.011320000,0.01,20846,0.29700000000000004,forecasters,0.0
2016-10-21 01:36:02.996708000,0.33,6715,0.2994,forecasters,0.0
2016-10-21 01:36:02.996708096,0.42084,,,community_mean,0.0
2016-10-21 14:53:40.596942000,0.26,7580,0.3004,forecasters,0.0
2016-10-23 01:58:23.902971904,0.42003,,,community_mean,0.0
2016-10-23 01:58:23.902972000,0.3,21245,0.30219999999999997,forecasters,0.0
2016-10-23 01:58:23.902972000,0.3,6469,0.3012,forecasters,0.0
2016-10-23 22:31:28.289039000,0.48,7586,0.29760000000000003,forecasters,0.0
2016-10-24 00:19:15.179227000,0.99,8026,0.3172,forecasters,0.0
2016-10-24 03:34:57.593386000,0.3,20844,0.3078,forecasters,0.0
2016-10-24 03:34:57.593386000,0.3,7445,0.3014,forecasters,0.0
2016-10-24 03:35:00.554924000,0.3,20844,0.3034,forecasters,0.0
2016-10-24 03:35:00.554924000,0.3,7445,0.3054,forecasters,0.0
2016-10-24 03:35:09.559965000,0.3,7445,0.2924,forecasters,0.0
2016-10-24 03:35:09.559965000,0.3,20844,0.2974,forecasters,0.0
2016-10-24 03:35:10.465750000,0.3,7445,0.28740000000000004,forecasters,0.0
2016-10-24 03:35:10.465750000,0.3,20844,0.2874,forecasters,0.0
2016-10-24 03:35:10.687398000,0.3,20844,0.2874,forecasters,0.0
2016-10-24 03:35:10.687398000,0.3,7445,0.28740000000000004,forecasters,0.0
2016-10-24 03:35:11.041062000,0.3,20844,0.2874,forecasters,0.0
2016-10-24 03:35:11.041062000,0.3,7445,0.28740000000000004,forecasters,0.0
2016-10-24 03:35:11.344736000,0.3,20844,0.2932,forecasters,0.0
2016-10-24 03:35:11.344736000,0.3,7445,0.2916,forecasters,0.0
2016-10-24 03:35:29.065042000,0.4,7445,0.2896,forecasters,0.0
2016-10-24 03:35:29.065042000,0.4,20844,0.29159999999999997,forecasters,0.0
2016-10-24 03:35:30.056293000,0.4,20844,0.2916,forecasters,0.0
2016-10-24 03:35:30.056293000,0.4,7445,0.2956,forecasters,0.0
2016-10-24 03:35:30.482762000,0.4,7445,0.2896,forecasters,0.0
2016-10-24 03:35:30.482762000,0.4,20844,0.2836,forecasters,0.0
2016-10-24 05:02:45.606281000,0.57,7585,0.288,forecasters,0.0
2016-10-24 17:52:34.492595000,0.28,11930,0.2866,forecasters,0.0
2016-10-24 17:52:34.492595000,0.28,6212,0.2852,forecasters,0.0
2016-10-24 21:46:09.071329000,0.61,11860,0.2904,forecasters,0.0
2016-10-24 21:46:09.071329000,0.61,21175,0.29560000000000003,forecasters,0.0
2016-10-24 21:46:09.071329000,0.61,6270,0.29919999999999997,forecasters,0.0
2016-10-24 21:46:09.071329000,0.61,9729,0.31,forecasters,0.0
2016-10-24 21:46:09.071329000,0.61,15613,0.3208,forecasters,0.0
2016-10-24 21:46:09.071329000,0.61,21028,0.33160000000000006,forecasters,0.0
2016-10-24 21:46:47.035423000,0.76,9729,0.3876,forecasters,0.0
2016-10-24 21:46:47.035423000,0.76,15613,0.39640000000000003,forecasters,0.0
2016-10-24 21:46:47.035423000,0.76,11860,0.3454,forecasters,0.0
2016-10-24 21:46:47.035423000,0.76,21175,0.3774,forecasters,0.0
2016-10-24 21:46:47.035423000,0.76,21028,0.3592,forecasters,0.0
2016-10-24 21:46:47.035423000,0.76,6270,0.36239999999999994,forecasters,0.0
2016-10-25 02:08:57.941503000,0.56,7084,0.40739999999999993,forecasters,0.0
2016-10-25 02:27:53.229558000,0.57,7124,0.4086,forecasters,0.0
2016-10-25 02:27:54.298120000,0.57,7124,0.415,forecasters,0.0
2016-10-25 02:27:55.345138000,0.57,7124,0.42619999999999997,forecasters,0.0
2016-10-25 02:27:56.247075000,0.57,7124,0.4374,forecasters,0.0
2016-10-25 02:44:28.167094000,0.4,11805,0.4414,forecasters,0.0
2016-10-25 02:44:28.167094000,0.4,6394,0.4454,forecasters,0.0
2016-10-25 02:44:41.968387000,0.5,6394,0.45520000000000005,forecasters,0.0
2016-10-25 02:44:41.968387000,0.5,11805,0.465,forecasters,0.0
2016-10-26 14:35:37.867902976,0.42406,,,community_mean,0.0
2016-10-26 14:35:37.867903000,0.39,6497,0.46620000000000006,forecasters,0.0
2016-10-31 03:26:12.460531968,0.42361,,,community_mean,0.0
2016-10-31 03:26:12.460532000,0.35,6213,0.46799999999999997,forecasters,0.0
2016-11-03 11:43:16.560519936,0.425,,,community_mean,0.0
2016-11-03 11:43:16.560520000,0.92,8559,0.4804,forecasters,0.0
2016-11-05 17:03:19.625654000,0.4,19281,0.4808,forecasters,0.0
2016-11-05 17:03:19.625654000,0.4,7590,0.4824,forecasters,0.0
2016-11-05 17:03:19.625654016,0.42493,,,community_mean,0.0
2016-11-06 00:05:18.800564000,0.25,11958,0.46599999999999997,forecasters,0.0
2016-11-06 00:05:18.800564000,0.25,6035,0.465,forecasters,0.0
2016-11-06 00:05:18.800564000,0.25,9650,0.4640000000000001,forecasters,0.0
2016-11-07 04:57:15.953754000,0.77,7591,0.47340000000000004,forecasters,0.0
2016-11-07 04:57:17.776429000,0.77,7591,0.4828,forecasters,0.0
2016-11-07 13:15:05.767816000,0.5,1285,0.4868,forecasters,0.0
2016-11-07 13:15:27.149936000,0.25,1285,0.48580000000000007,forecasters,0.0
2016-11-09 18:23:09.206119936,0.42662,,,community_mean,0.0
2016-11-09 18:23:09.206120000,0.99,6109,0.5134000000000001,forecasters,0.0
2016-11-09 18:23:09.206120000,0.99,20813,0.4996,forecasters,0.0
2016-11-09 18:51:25.624141000,0.14,6589,0.5102,forecasters,0.0
2016-11-10 11:46:38.541973000,0.04,6150,0.505,forecasters,0.0
2016-11-10 11:46:38.541973000,0.04,11830,0.4998,forecasters,0.0
2016-11-10 11:46:38.541973000,0.04,20965,0.4946,forecasters,0.0
2016-11-10 11:46:38.541973000,0.04,10701,0.4894,forecasters,0.0
2016-11-10 11:46:38.541973000,0.04,21098,0.4842,forecasters,0.0
2016-11-10 23:19:22.852794000,0.38,9637,0.4838,forecasters,0.0
2016-11-10 23:19:22.852794000,0.38,18925,0.48339999999999994,forecasters,0.0
2016-11-10 23:19:22.852794000,0.38,6357,0.48300000000000004,forecasters,0.0
2016-11-10 23:19:22.852794112,0.4359070295669215,,,metaculus,0.0
2016-11-12 17:27:17.335296000,0.25,9293,0.4800000000000001,forecasters,0.0
2016-11-12 17:27:17.335296000,0.4254,,,community_mean,0.0
2016-11-18 16:54:50.696777984,0.4256,,,community_mean,0.0
2016-11-18 16:54:50.696778000,0.5,1286,0.48200000000000004,forecasters,0.0
2016-11-18 18:24:19.880760000,0.99,7593,0.4938,forecasters,0.0
2016-11-19 02:04:41.927326976,0.42667,,,community_mean,0.0
2016-11-19 02:04:41.927327000,0.25,5796,0.4874,forecasters,0.0
2016-11-24 01:10:56.978056960,0.42624,,,community_mean,0.0
2016-11-24 01:10:56.978057000,0.27,6594,0.48719999999999997,forecasters,0.0
2016-11-30 03:20:56.907526912,0.42685,,,community_mean,0.0
2016-11-30 03:20:56.907527000,0.65,6596,0.49459999999999993,forecasters,0.0
2016-11-30 19:18:58.707835904,0.42837,,,community_mean,0.0
2016-11-30 19:18:58.707836000,0.99,6597,0.5022,forecasters,0.0
2016-12-06 08:40:27.001067000,0.3,7598,0.496,forecasters,0.0
2016-12-06 08:40:27.001067008,0.42803,,,community_mean,0.0
2016-12-07 04:37:41.605401000,0.22,18858,0.4804,forecasters,0.0
2016-12-07 04:37:41.605401000,0.22,6324,0.4882,forecasters,0.0
2016-12-09 12:04:45.748814000,0.38,13207,0.47580000000000006,forecasters,0.0
2016-12-09 12:04:45.748814000,0.38,6592,0.47119999999999995,forecasters,0.0
2016-12-09 12:04:45.748814080,0.42792,,,community_mean,0.0
2016-12-09 23:09:46.881540000,0.31,6232,0.4532,forecasters,0.0
2016-12-09 23:09:46.881540000,0.31,18948,0.4622,forecasters,0.0
2016-12-09 23:09:56.092565000,0.35,6232,0.4368,forecasters,0.0
2016-12-09 23:09:56.092565000,0.35,18948,0.445,forecasters,0.0
2016-12-11 19:01:05.770947000,0.24,7601,0.4264,forecasters,0.0
2016-12-11 19:01:05.770947072,0.42769,,,community_mean,0.0
2016-12-12 05:17:01.202597000,0.1,7359,0.4132,forecasters,0.0
2016-12-13 18:47:25.609628000,0.45,6058,0.4086,forecasters,0.0
2016-12-13 18:47:25.609628000,0.45,20849,0.41100000000000003,forecasters,0.0
2016-12-13 20:40:35.792787000,0.54,7602,0.408,forecasters,0.0
2016-12-14 17:00:52.718456000,0.2,6510,0.4006,forecasters,0.0
2016-12-14 17:00:52.718456000,0.2,20780,0.3932,forecasters,0.0
2016-12-14 18:54:26.275872000,0.25,2264,0.39020000000000005,forecasters,0.0
2016-12-15 21:00:56.928321000,0.61,5978,0.3944,forecasters,0.0
2016-12-15 21:00:56.928321000,0.61,25889,0.39659999999999995,forecasters,0.0
2016-12-15 21:00:56.928321000,0.61,9652,0.4032,forecasters,0.0
2016-12-15 21:00:56.928321000,0.61,13239,0.39879999999999993,forecasters,0.0
2016-12-15 21:00:56.928321024,0.4312946088813874,,,metaculus,0.0
2016-12-15 21:00:56.928321024,0.42513,,,community_mean,0.0
2016-12-21 19:36:00.040507904,0.42507,,,community_mean,0.0
2016-12-21 19:36:00.040508000,0.4,7351,0.4042,forecasters,0.0
2016-12-21 21:02:30.819601000,0.38,5923,0.39260000000000006,forecasters,0.0
2016-12-21 21:02:30.819601000,0.38,9676,0.39299999999999996,forecasters,0.0
2016-12-21 21:02:30.819601000,0.38,14110,0.39339999999999997,forecasters,0.0
2016-12-21 21:34:45.262612992,0.42409,,,community_mean,0.0
2016-12-21 21:34:45.262613000,0.1,6972,0.3896,forecasters,0.0
2017-01-01 22:40:01.219343872,0.423,,,community_mean,0.0
2017-01-01 22:40:01.219344000,0.01,6932,0.38480000000000003,forecasters,0.0
2017-01-01 22:49:25.963909000,0.8,1777,0.39580000000000004,forecasters,0.0
2017-01-02 23:10:09.360466000,0.78,5978,0.4018,forecasters,0.0
2017-01-02 23:10:09.360466000,0.78,9652,0.39599999999999996,forecasters,0.0
2017-01-02 23:10:09.360466000,0.78,25889,0.3962,forecasters,0.0
2017-01-02 23:10:09.360466000,0.78,13239,0.41239999999999993,forecasters,0.0
2017-01-06 00:50:27.180634000,0.22,6372,0.397,forecasters,0.0
2017-01-06 00:50:27.180634000,0.22,12449,0.38159999999999994,forecasters,0.0
2017-01-06 00:50:27.180634112,0.4239,,,community_mean,0.0
2017-01-06 15:44:56.032326000,0.28,7611,0.3844000000000001,forecasters,0.0
2017-01-07 16:44:33.320952000,0.85,6402,0.40059999999999996,forecasters,0.0
2017-01-07 16:44:35.139892000,0.85,6402,0.4168,forecasters,0.0
2017-01-07 16:44:37.033621000,0.85,6402,0.43300000000000005,forecasters,0.0
2017-01-07 16:44:42.048087000,0.85,6402,0.44920000000000004,forecasters,0.0
2017-01-07 16:44:42.048087040,0.42379,,,community_mean,0.0
2017-01-24 01:51:35.751396000,0.35,6600,0.4548,forecasters,0.0
2017-01-24 01:51:35.751396000,0.35,13346,0.45539999999999997,forecasters,0.0
2017-01-24 01:51:35.751396096,0.42359,,,community_mean,0.0
2017-01-26 19:43:31.655186944,0.4338694379664034,,,metaculus,0.0
2017-01-26 19:43:31.655186944,0.42378,,,community_mean,0.0
2017-01-26 19:43:31.655187000,0.45,6357,0.45760000000000006,forecasters,0.0
2017-01-26 19:43:31.655187000,0.45,18925,0.4616,forecasters,0.0
2017-01-26 19:43:31.655187000,0.45,9637,0.45620000000000005,forecasters,0.0
2017-02-02 19:42:08.471143936,0.42332,,,community_mean,0.0
2017-02-02 19:42:08.471144000,0.25,12233,0.45659999999999995,forecasters,0.0
2017-02-02 19:42:08.471144000,0.25,7617,0.44179999999999997,forecasters,0.0
2017-02-02 23:09:12.523129000,0.43,7616,0.4454,forecasters,0.0
2017-02-02 23:09:12.523129000,0.43,20276,0.4486,forecasters,0.0
2017-02-02 23:35:05.705374000,0.4,5791,0.44360000000000005,forecasters,0.0
2017-02-03 11:47:53.303514000,0.42,19928,0.4346,forecasters,0.0
2017-02-03 11:47:53.303514000,0.42,6601,0.4322,forecasters,0.0
2017-02-03 20:07:52.454376000,0.3,19604,0.4378,forecasters,0.0
2017-02-03 20:07:52.454376000,0.3,5992,0.4362,forecasters,0.0
2017-02-04 22:52:58.970537984,0.42957311504960877,,,metaculus,0.0
2017-02-04 22:52:58.970538000,0.13,19696,0.43279999999999996,forecasters,0.0
2017-02-04 22:52:58.970538000,0.13,6590,0.4278,forecasters,0.0
2017-02-06 16:31:03.971489000,0.4,6671,0.4296,forecasters,0.0
2017-02-06 16:31:03.971489024,0.42215,,,community_mean,0.0
2017-02-08 18:30:45.921925000,0.3,6605,0.4294,forecasters,0.0
2017-02-09 03:40:40.926369000,0.1,20849,0.42440000000000005,forecasters,0.0
2017-02-09 03:40:40.926369000,0.1,6058,0.4194,forecasters,0.0
2017-02-09 05:01:25.233455000,0.1,5881,0.4166,forecasters,0.0
2017-02-09 05:01:25.233455000,0.1,23075,0.41659999999999997,forecasters,0.0
2017-02-09 05:01:25.233455000,0.1,9719,0.4096,forecasters,0.0
2017-02-09 05:01:25.233455000,0.1,11748,0.40260000000000007,forecasters,0.0
2017-02-09 05:01:25.233455000,0.1,13800,0.39380000000000004,forecasters,0.0
2017-02-09 06:16:44.052854000,0.01,20993,0.34540000000000004,forecasters,0.0
2017-02-09 06:16:44.052854000,0.01,15628,0.3574,forecasters,0.0
2017-02-09 06:16:44.052854000,0.01,10698,0.36939999999999995,forecasters,0.0
2017-02-09 06:16:44.052854000,0.01,6165,0.3862,forecasters,0.0
2017-02-09 06:16:44.052854000,0.01,11811,0.39,forecasters,0.0
2017-02-09 06:16:44.052854000,0.01,21090,0.3814,forecasters,0.0
2017-02-09 11:27:15.945302000,0.2,6310,0.3372,forecasters,0.0
2017-02-09 11:27:15.945302000,0.2,19390,0.3332,forecasters,0.0
2017-02-09 11:50:05.365464000,0.11,1778,0.32780000000000004,forecasters,0.0
2017-02-09 13:21:17.840498000,0.01,10701,0.3204,forecasters,0.0
2017-02-09 13:21:17.840498000,0.01,6150,0.31299999999999994,forecasters,0.0
2017-02-09 13:21:17.840498000,0.01,20965,0.31120000000000003,forecasters,0.0
2017-02-09 13:21:17.840498000,0.01,11830,0.31120000000000003,forecasters,0.0
2017-02-09 13:21:17.840498000,0.01,21098,0.29540000000000005,forecasters,0.0
2017-02-09 15:56:53.719394000,0.25,18925,0.2636,forecasters,0.0
2017-02-09 15:56:53.719394000,0.25,9637,0.2848,forecasters,0.0
2017-02-09 15:56:53.719394000,0.25,6357,0.2742,forecasters,0.0
2017-02-09 17:59:01.612645888,0.41509,,,community_mean,0.0
2017-02-09 17:59:01.612646000,0.07,9650,0.2494,forecasters,0.0
2017-02-09 17:59:01.612646000,0.07,6035,0.2434,forecasters,0.0
2017-02-09 17:59:01.612646000,0.07,11958,0.2464,forecasters,0.0
2017-02-10 13:56:35.151461000,0.4,8147,0.2458,forecasters,0.0
2017-02-10 21:51:22.259687000,0.37,6586,0.23620000000000002,forecasters,0.0
2017-02-11 21:41:19.908125000,0.4,6107,0.22719999999999999,forecasters,0.0
2017-02-11 21:41:19.908125000,0.4,12766,0.2182,forecasters,0.0
2017-02-12 20:34:05.845201000,0.74,9652,0.2316,forecasters,0.0
2017-02-12 20:34:05.845201000,0.74,13239,0.23740000000000003,forecasters,0.0
2017-02-12 20:34:05.845201000,0.74,5978,0.21600000000000003,forecasters,0.0
2017-02-12 20:34:05.845201000,0.74,25889,0.2238,forecasters,0.0
2017-02-13 08:41:40.097031000,0.54,20825,0.23919999999999997,forecasters,0.0
2017-02-13 08:41:40.097031000,0.54,6047,0.24100000000000002,forecasters,0.0
2017-02-13 16:53:59.169266944,0.41316,,,community_mean,0.0
2017-02-13 16:53:59.169266944,0.15474461331256018,,,metaculus,0.0
2017-02-13 16:53:59.169267000,0.05,9726,0.237,forecasters,0.0
2017-02-13 16:53:59.169267000,0.05,12227,0.233,forecasters,0.0
2017-02-13 16:53:59.169267000,0.05,6074,0.22540000000000002,forecasters,0.0
2017-02-18 06:38:24.540904960,0.41225,,,community_mean,0.0
2017-02-18 06:38:24.540905000,0.01,6586,0.21700000000000003,forecasters,0.0
2017-02-18 09:28:20.948517000,0.01,18925,0.201,forecasters,0.0
2017-02-18 09:28:20.948517000,0.01,9637,0.20920000000000002,forecasters,0.0
2017-02-18 09:28:20.948517000,0.01,6357,0.1928,forecasters,0.0
2017-02-18 15:32:53.962480000,0.01,6058,0.187,forecasters,0.0
2017-02-18 15:32:53.962480000,0.01,20849,0.1812,forecasters,0.0
2017-02-18 17:30:45.730557000,0.05,13800,0.1796,forecasters,0.0
2017-02-18 17:30:45.730557000,0.05,11748,0.17799999999999996,forecasters,0.0
2017-02-18 17:30:45.730557000,0.05,5881,0.171,forecasters,0.0
2017-02-18 17:30:45.730557000,0.05,23075,0.166,forecasters,0.0
2017-02-18 17:30:45.730557000,0.05,9719,0.165,forecasters,0.0
2017-02-18 21:15:46.306197000,0.11,25889,0.16580000000000003,forecasters,0.0
2017-02-18 21:15:46.306197000,0.11,5978,0.1656,forecasters,0.0
2017-02-18 21:15:46.306197000,0.11,13239,0.16520000000000004,forecasters,0.0
2017-02-18 21:15:46.306197000,0.11,9652,0.1654,forecasters,0.0
2017-02-18 23:46:58.239057000,0.42,5928,0.17220000000000002,forecasters,0.0
2017-02-18 23:46:58.239057000,0.42,12270,0.195,forecasters,0.0
2017-02-18 23:46:58.239057000,0.42,15578,0.17860000000000004,forecasters,0.0
2017-02-18 23:46:58.239057000,0.42,24953,0.18680000000000002,forecasters,0.0
2017-02-19 02:41:46.398149000,0.09,14089,0.1966,forecasters,0.0
2017-02-19 02:41:46.398149000,0.09,6439,0.19820000000000002,forecasters,0.0
2017-02-19 13:19:13.191868000,0.06,6310,0.19920000000000002,forecasters,0.0
2017-02-19 13:19:13.191868000,0.06,19390,0.2002,forecasters,0.0
2017-02-19 15:18:51.936570000,0.02,6009,0.19660000000000002,forecasters,0.0
2017-02-19 15:18:51.936570000,0.02,11375,0.193,forecasters,0.0
2017-02-19 15:18:51.936570000,0.02,13166,0.1912,forecasters,0.0
2017-02-19 15:21:10.659718000,0.01,11375,0.1912,forecasters,0.0
2017-02-19 15:21:10.659718000,0.01,13166,0.19119999999999998,forecasters,0.0
2017-02-19 15:21:10.659718000,0.01,6009,0.1912,forecasters,0.0
2017-02-19 19:03:20.476429000,0.1,21176,0.1864,forecasters,0.0
2017-02-19 19:03:20.476429000,0.1,20967,0.1888,forecasters,0.0
2017-02-19 19:03:20.476429000,0.1,14061,0.1858,forecasters,0.0
2017-02-19 19:03:20.476429000,0.1,9645,0.187,forecasters,0.0
2017-02-19 19:03:20.476429000,0.1,15612,0.1948,forecasters,0.0
2017-02-19 19:03:20.476429000,0.1,11868,0.1918,forecasters,0.0
2017-02-19 19:03:20.476429000,0.1,6060,0.193,forecasters,0.0
2017-02-19 19:03:20.476429056,0.12169303962391902,,,metaculus,0.0
2017-02-20 22:25:54.917379000,0.01,6365,0.18580000000000002,forecasters,0.0
2017-02-20 22:25:54.917379000,0.01,12189,0.17800000000000002,forecasters,0.0
2017-02-21 01:04:41.528086000,0.5,7403,0.18059999999999998,forecasters,0.0
2017-02-21 01:07:12.750837000,0.01,7403,0.1728,forecasters,0.0
2017-02-21 15:19:33.468779000,0.01,13164,0.1504,forecasters,0.0
2017-02-21 15:19:33.468779000,0.01,10704,0.1358,forecasters,0.0
2017-02-21 15:19:33.468779000,0.01,6307,0.165,forecasters,0.0
2017-02-21 15:19:33.468779008,0.4029,,,community_mean,0.0
2017-02-22 08:24:34.576667000,0.45,7974,0.13,forecasters,0.0
2017-02-23 01:41:52.574678000,0.17,6603,0.1186,forecasters,0.0
2017-02-24 03:46:09.253587968,0.4036,,,community_mean,0.0
2017-02-24 03:46:09.253588000,0.87,6602,0.1252,forecasters,0.0
2017-02-28 00:49:05.445806000,0.35,24953,0.12140000000000001,forecasters,0.0
2017-02-28 00:49:05.445806000,0.35,15578,0.12739999999999999,forecasters,0.0
2017-02-28 00:49:05.445806000,0.35,5928,0.1334,forecasters,0.0
2017-02-28 00:49:05.445806000,0.35,12270,0.1394,forecasters,0.0
2017-02-28 00:49:05.445806080,0.40342,,,community_mean,0.0
2017-03-01 19:21:23.486465000,0.32,6195,0.1456,forecasters,0.0
2017-03-01 19:21:23.486465000,0.32,13081,0.1518,forecasters,0.0
2017-03-01 19:34:42.302854000,0.2,6195,0.1594,forecasters,0.0
2017-03-01 19:34:42.302854000,0.2,13081,0.1556,forecasters,0.0
2017-03-02 23:57:35.568273920,0.40192,,,community_mean,0.0
2017-03-02 23:57:35.568274000,0.15,9607,0.16699999999999998,forecasters,0.0
2017-03-02 23:57:35.568274000,0.15,6290,0.171,forecasters,0.0
2017-03-02 23:57:35.568274000,0.15,21189,0.165,forecasters,0.0
2017-03-02 23:57:35.568274000,0.15,11837,0.17299999999999996,forecasters,0.0
2017-03-02 23:57:35.568274000,0.15,15617,0.169,forecasters,0.0
2017-03-02 23:57:35.568274000,0.15,21022,0.16219999999999998,forecasters,0.0
2017-03-08 08:52:37.966596000,0.21,5928,0.1822,forecasters,0.0
2017-03-08 08:52:37.966596000,0.21,15578,0.1802,forecasters,0.0
2017-03-08 08:52:37.966596000,0.21,12270,0.17620000000000002,forecasters,0.0
2017-03-08 08:52:37.966596000,0.21,24953,0.17819999999999997,forecasters,0.0
2017-03-08 08:52:37.966596096,0.40157,,,community_mean,0.0
2017-03-09 09:05:37.532547000,0.01,8543,0.1802,forecasters,0.0
2017-03-09 16:16:04.912028000,0.39,6606,0.17959999999999998,forecasters,0.0
2017-03-09 16:42:05.478431000,0.26,7625,0.17639999999999997,forecasters,0.0
2017-03-09 18:48:59.613976000,0.5,7623,0.17799999999999996,forecasters,0.0
2017-03-09 18:49:19.579406000,0.15,7623,0.17259999999999998,forecasters,0.0
2017-03-09 18:49:40.036896000,0.18,7623,0.17439999999999997,forecasters,0.0
2017-03-09 20:34:02.696528000,0.2,7622,0.1766,forecasters,0.0
2017-03-10 01:42:06.325810000,0.5,8332,0.18539999999999998,forecasters,0.0
2017-03-10 02:42:35.856710000,0.2,2329,0.1882,forecasters,0.0
2017-03-10 02:47:36.651521000,0.45,7149,0.2054,forecasters,0.0
2017-03-10 02:47:36.651521000,0.45,13212,0.1968,forecasters,0.0
2017-03-10 02:57:08.652602000,0.1,2329,0.207,forecasters,0.0
2017-03-10 02:57:27.135921000,0.05,2329,0.2078,forecasters,0.0
2017-03-10 23:20:00.261771000,0.1,6607,0.2096,forecasters,0.0
2017-03-10 23:20:00.261771000,0.1,18735,0.2114,forecasters,0.0
2017-03-10 23:20:03.274991000,0.1,6607,0.21139999999999998,forecasters,0.0
2017-03-10 23:20:03.274991000,0.1,18735,0.2114,forecasters,0.0
2017-03-11 06:14:52.714717000,0.1,8205,0.2114,forecasters,0.0
2017-03-11 06:14:52.714717000,0.1,24146,0.2114,forecasters,0.0
2017-03-11 23:37:48.912823000,0.1,9652,0.2114,forecasters,0.0
2017-03-11 23:37:48.912823000,0.1,5978,0.21139999999999998,forecasters,0.0
2017-03-11 23:37:48.912823000,0.1,13239,0.2132,forecasters,0.0
2017-03-11 23:37:48.912823000,0.1,25889,0.2114,forecasters,0.0
2017-03-11 23:37:48.912823040,0.39723,,,community_mean,0.0
2017-03-12 19:35:46.192073000,0.09,20899,0.2148,forecasters,0.0
2017-03-12 19:35:46.192073000,0.09,6833,0.2066,forecasters,0.0
2017-03-13 12:42:14.221789000,0.3,6858,0.21240000000000003,forecasters,0.0
2017-03-13 12:42:14.221789000,0.3,20162,0.2182,forecasters,0.0
2017-03-13 21:27:34.171448000,0.56,10697,0.22920000000000001,forecasters,0.0
2017-03-13 21:27:34.171448000,0.56,6043,0.24020000000000002,forecasters,0.0
2017-03-13 21:27:34.171448000,0.56,12271,0.24239999999999998,forecasters,0.0
2017-03-13 22:41:17.652762000,0.58,8482,0.2506,forecasters,0.0
2017-03-14 02:47:33.945901000,0.39,7628,0.24100000000000002,forecasters,0.0
2017-03-15 21:45:35.417926912,0.39611,,,community_mean,0.0
2017-03-15 21:45:35.417927000,0.1,4346,0.236,forecasters,0.0
2017-03-22 14:33:43.670159872,0.39635,,,community_mean,0.0
2017-03-22 14:33:43.670159872,0.12410759738166238,,,metaculus,0.0
2017-03-22 14:33:43.670160000,0.65,21197,0.2606,forecasters,0.0
2017-03-22 14:33:43.670160000,0.65,6247,0.248,forecasters,0.0
2017-03-22 14:33:43.670160000,0.65,9705,0.254,forecasters,0.0
2017-03-22 14:33:43.670160000,0.65,11861,0.242,forecasters,0.0
2017-03-27 17:24:48.071264000,0.01,20850,0.2544,forecasters,0.0
2017-03-27 17:24:48.071264000,0.01,7167,0.25060000000000004,forecasters,0.0
2017-03-27 17:24:48.071264000,0.39542,,,community_mean,0.0
2017-03-29 05:12:01.885301000,0.31,7629,0.25279999999999997,forecasters,0.0
2017-03-29 18:26:07.263707000,0.2,7094,0.2538,forecasters,0.0
2017-03-29 18:26:07.263707000,0.2,20004,0.2548,forecasters,0.0
2017-03-29 23:01:31.781935000,0.05,6967,0.2528,forecasters,0.0
2017-03-30 17:02:05.988082000,0.2,6402,0.25379999999999997,forecasters,0.0
2017-03-30 17:02:07.221802000,0.2,6402,0.2548,forecasters,0.0
2017-03-30 17:02:08.694891000,0.2,6402,0.2558,forecasters,0.0
2017-03-30 17:02:09.913795000,0.2,6402,0.2556,forecasters,0.0
2017-03-30 17:02:11.123822000,0.2,6402,0.2554,forecasters,0.0
2017-03-30 17:02:12.277031000,0.2,6402,0.2552,forecasters,0.0
2017-03-31 02:11:43.577018880,0.39264,,,community_mean,0.0
2017-03-31 02:11:43.577019000,0.5,13535,0.273,forecasters,0.0
2017-03-31 02:11:43.577019000,0.5,13653,0.261,forecasters,0.0
2017-03-31 02:11:43.577019000,0.5,6399,0.2708,forecasters,0.0
2017-04-01 10:27:31.250988000,0.1,7400,0.2698,forecasters,0.0
2017-04-01 18:43:23.612016000,0.25,12817,0.2648,forecasters,0.0
2017-04-01 18:43:23.612016000,0.25,96,0.2668,forecasters,0.0
2017-04-01 18:43:23.612016000,0.25,12818,0.2682,forecasters,0.0
2017-04-01 18:43:25.623909000,0.25,12818,0.2652,forecasters,0.0
2017-04-01 18:43:25.623909000,0.25,96,0.2642,forecasters,0.0
2017-04-01 18:43:25.623909000,0.25,12817,0.2692,forecasters,0.0
2017-04-02 01:47:45.451855872,0.3918,,,community_mean,0.0
2017-04-02 01:47:45.451856000,0.29,24953,0.2626,forecasters,0.0
2017-04-02 01:47:45.451856000,0.29,15578,0.2588,forecasters,0.0
2017-04-02 01:47:45.451856000,0.29,5928,0.262,forecasters,0.0
2017-04-02 01:47:45.451856000,0.29,12270,0.26739999999999997,forecasters,0.0
2017-04-10 03:33:53.004576000,0.53,5779,0.276,forecasters,0.0
2017-04-10 03:33:53.004576000,0.39212,,,community_mean,0.0
2017-04-13 00:25:02.042557952,0.39122,,,community_mean,0.0
2017-04-13 00:25:02.042558000,0.01,6120,0.2742,forecasters,0.0
2017-04-13 00:25:02.042558000,0.01,20802,0.27240000000000003,forecasters,0.0
2017-04-14 17:00:17.223371000,0.25,7087,0.2754,forecasters,0.0
2017-04-15 19:18:24.855438000,0.99,20782,0.2932,forecasters,0.0
2017-04-15 19:18:24.855438000,0.99,6332,0.311,forecasters,0.0
2017-04-15 19:20:57.708721920,0.39166,,,community_mean,0.0
2017-04-15 19:20:57.708722000,0.72,20782,0.3234,forecasters,0.0
2017-04-15 19:20:57.708722000,0.72,6332,0.3358,forecasters,0.0
2017-04-25 20:57:45.374644992,0.3911,,,community_mean,0.0
2017-04-25 20:57:45.374645000,0.15,6542,0.3368,forecasters,0.0
2017-05-01 19:47:04.010514944,0.39021,,,community_mean,0.0
2017-05-01 19:47:04.010515000,0.01,6509,0.3334,forecasters,0.0
2017-05-01 19:47:04.010515000,0.01,13106,0.335,forecasters,0.0
2017-05-02 18:37:28.935771000,0.2,6564,0.3336,forecasters,0.0
2017-05-02 18:37:28.935771000,0.2,12471,0.3356,forecasters,0.0
2017-05-03 11:06:13.246368000,0.38979,,,community_mean,0.0
2017-05-03 11:06:13.246368000,0.4,8468,0.33559999999999995,forecasters,0.0
2017-05-14 17:48:26.738641920,0.38944,,,community_mean,0.0
2017-05-14 17:48:26.738642000,0.2,19856,0.3284,forecasters,0.0
2017-05-14 17:48:26.738642000,0.2,6438,0.3212,forecasters,0.0
2017-05-21 00:48:08.990848000,0.38866,,,community_mean,0.0
2017-05-21 00:48:08.990848000,0.05,6563,0.311,forecasters,0.0
2017-05-21 07:49:42.209750000,0.1,9610,0.2626,forecasters,0.0
2017-05-21 07:49:42.209750000,0.1,15583,0.2736,forecasters,0.0
2017-05-21 07:49:42.209750000,0.1,11841,0.2846,forecasters,0.0
2017-05-21 07:49:42.209750000,0.1,21180,0.2956,forecasters,0.0
2017-05-21 07:49:42.209750000,0.1,20945,0.3014,forecasters,0.0
2017-05-21 07:49:42.209750000,0.1,6282,0.29560000000000003,forecasters,0.0
2017-05-21 16:52:10.033458000,0.2,6153,0.25360000000000005,forecasters,0.0
2017-05-21 16:52:10.033458000,0.2,13607,0.25739999999999996,forecasters,0.0
2017-05-22 17:38:01.707955000,0.01,6082,0.25739999999999996,forecasters,0.0
2017-05-22 17:38:01.707955000,0.01,11863,0.2514,forecasters,0.0
2017-05-23 15:08:55.781650000,0.05,21752,0.2484,forecasters,0.0
2017-05-23 15:08:55.781650000,0.05,8235,0.24539999999999998,forecasters,0.0
2017-05-23 21:14:38.741475000,0.1,6876,0.2464,forecasters,0.0
2017-05-25 13:00:24.635588000,0.04,13649,0.24,forecasters,0.0
2017-05-25 13:00:24.635588000,0.04,6535,0.2432,forecasters,0.0
2017-05-25 13:00:24.635588096,0.38515,,,community_mean,0.0
2017-05-27 21:13:28.708132000,0.2,7348,0.24,forecasters,0.0
2017-05-27 21:13:28.708132096,0.38473,,,community_mean,0.0
2017-05-31 05:28:23.794321000,0.05,6972,0.23700000000000002,forecasters,0.0
2017-05-31 22:32:09.051023000,0.01,20775,0.22940000000000002,forecasters,0.0
2017-05-31 22:32:09.051023000,0.01,7466,0.2332,forecasters,0.0
2017-05-31 22:32:09.051023104,0.38376,,,community_mean,0.0
2017-06-01 20:47:17.873708000,0.05,11821,0.2114,forecasters,0.0
2017-06-01 20:47:17.873708000,0.05,21037,0.20240000000000002,forecasters,0.0
2017-06-01 20:47:17.873708000,0.05,21171,0.2014,forecasters,0.0
2017-06-01 20:47:17.873708000,0.05,109,0.22039999999999998,forecasters,0.0
2017-06-01 20:47:17.873708000,0.05,10715,0.19740000000000002,forecasters,0.0
2017-06-02 23:42:24.224505000,0.1,21196,0.19140000000000001,forecasters,0.0
2017-06-02 23:42:24.224505000,0.1,6006,0.18840000000000004,forecasters,0.0
2017-06-02 23:42:24.224505000,0.1,21040,0.18540000000000004,forecasters,0.0
2017-06-02 23:42:24.224505000,0.1,12188,0.1824,forecasters,0.0
2017-06-02 23:42:24.224505000,0.1,10699,0.19440000000000002,forecasters,0.0
2017-06-03 10:16:53.689942000,0.13,9652,0.17919999999999997,forecasters,0.0
2017-06-03 10:16:53.689942000,0.13,25889,0.17600000000000002,forecasters,0.0
2017-06-03 10:16:53.689942000,0.13,13239,0.1728,forecasters,0.0
2017-06-03 10:16:53.689942000,0.13,5978,0.1696,forecasters,0.0
2017-06-03 10:16:53.689942016,0.38292,,,community_mean,0.0
2017-06-03 10:16:53.790932992,0.12181254483965033,,,metaculus,0.0
2017-06-09 07:20:02.945118976,0.38325,,,community_mean,0.0
2017-06-09 07:20:02.945119000,0.53,6291,0.1904,forecasters,0.0
2017-06-09 07:20:02.945119000,0.53,10707,0.18,forecasters,0.0
2017-06-09 07:20:02.945119000,0.53,12037,0.1696,forecasters,0.0
2017-06-10 13:21:22.024709000,0.1,20845,0.1874,forecasters,0.0
2017-06-10 13:21:22.024709000,0.1,6556,0.1696,forecasters,0.0
2017-06-11 10:21:40.394857000,0.01,7400,0.15000000000000002,forecasters,0.0
2017-06-14 01:47:02.869059000,0.09,20949,0.1374,forecasters,0.0
2017-06-14 01:47:02.869059000,0.09,14125,0.12480000000000001,forecasters,0.0
2017-06-14 01:47:02.869059000,0.09,6274,0.12360000000000002,forecasters,0.0
2017-06-14 01:47:02.869059072,0.38079,,,community_mean,0.0
2017-06-15 04:08:15.198313000,0.42,13203,0.1318,forecasters,0.0
2017-06-15 04:08:15.198313000,0.42,6242,0.14,forecasters,0.0
2017-06-15 04:10:14.264892000,0.01,20878,0.1362,forecasters,0.0
2017-06-15 04:10:14.264892000,0.01,7481,0.1324,forecasters,0.0
2017-06-15 04:13:39.957834000,0.01,8393,0.1246,forecasters,0.0
2017-06-15 04:28:47.083431000,0.01,20833,0.1208,forecasters,0.0
2017-06-15 04:28:47.083431000,0.01,5989,0.11699999999999999,forecasters,0.0
2017-06-15 04:47:07.432821000,0.44,5780,0.12480000000000001,forecasters,0.0
2017-06-15 05:00:07.002253000,0.4,7149,0.13080000000000003,forecasters,0.0
2017-06-15 05:00:07.002253000,0.4,13212,0.1368,forecasters,0.0
2017-06-15 05:07:22.452061000,0.42,8482,0.1432,forecasters,0.0
2017-06-15 05:12:48.402473000,0.15,13418,0.1452,forecasters,0.0
2017-06-15 05:12:48.402473000,0.15,6401,0.1442,forecasters,0.0
2017-06-15 06:03:53.143775000,0.01,7429,0.14340000000000003,forecasters,0.0
2017-06-15 06:10:10.121746000,0.18,7172,0.14300000000000002,forecasters,0.0
2017-06-15 07:39:38.225017000,0.1,6978,0.1428,forecasters,0.0
2017-06-15 07:39:38.225017000,0.1,13808,0.141,forecasters,0.0
2017-06-15 08:45:03.234333000,0.01,6017,0.14279999999999998,forecasters,0.0
2017-06-15 09:37:03.318238000,0.15,21197,0.1448,forecasters,0.0
2017-06-15 09:37:03.318238000,0.15,11861,0.14679999999999999,forecasters,0.0
2017-06-15 09:37:03.318238000,0.15,9705,0.14780000000000001,forecasters,0.0
2017-06-15 09:37:03.318238000,0.15,6247,0.15,forecasters,0.0
2017-06-15 09:51:38.709163000,0.08,7452,0.1508,forecasters,0.0
2017-06-15 11:07:53.547469000,0.34,5923,0.1536,forecasters,0.0
2017-06-15 11:07:53.547469000,0.34,14110,0.15940000000000001,forecasters,0.0
2017-06-15 11:07:53.547469000,0.34,9676,0.16599999999999998,forecasters,0.0
2017-06-15 12:01:20.205145000,0.07,7557,0.1672,forecasters,0.0
2017-06-15 12:01:59.644933000,0.1,4572,0.16820000000000002,forecasters,0.0
2017-06-15 13:38:33.746434000,0.41,20843,0.18259999999999998,forecasters,0.0
2017-06-15 13:38:33.746434000,0.41,5914,0.1754,forecasters,0.0
2017-06-15 14:29:50.667374000,0.16,6099,0.1848,forecasters,0.0
2017-06-15 16:32:53.359439000,0.2,18858,0.1898,forecasters,0.0
2017-06-15 16:32:53.359439000,0.2,6324,0.18780000000000002,forecasters,0.0
2017-06-15 16:35:13.727944000,0.1,6171,0.1898,forecasters,0.0
2017-06-15 18:05:55.605690000,0.5,9729,0.236,forecasters,0.0
2017-06-15 18:05:55.605690000,0.5,15613,0.2286,forecasters,0.0
2017-06-15 18:05:55.605690000,0.5,21028,0.2212,forecasters,0.0
2017-06-15 18:05:55.605690000,0.5,21175,0.2138,forecasters,0.0
2017-06-15 18:05:55.605690000,0.5,11860,0.20579999999999998,forecasters,0.0
2017-06-15 18:05:55.605690000,0.5,6270,0.19779999999999998,forecasters,0.0
2017-06-15 18:19:26.181541000,0.01,5930,0.2336,forecasters,0.0
2017-06-15 18:32:57.108303000,0.01,7071,0.22319999999999995,forecasters,0.0
2017-06-15 18:34:00.229241000,0.02,7071,0.213,forecasters,0.0
2017-06-15 22:28:25.020171000,0.16,13239,0.20799999999999996,forecasters,0.0
2017-06-15 22:28:25.020171000,0.16,5978,0.21099999999999997,forecasters,0.0
2017-06-15 22:28:25.020171000,0.16,25889,0.20680000000000004,forecasters,0.0
2017-06-15 22:28:25.020171000,0.16,9652,0.20560000000000003,forecasters,0.0
2017-06-15 22:28:25.020171008,0.36335,,,community_mean,0.0
2017-06-15 22:28:25.109245952,0.11212553095478439,,,metaculus,0.0
